<?xml version="1.0" encoding="UTF-8"?>
<metadata xml:lang="en"><Esri><CreaDate>20150820</CreaDate><CreaTime>14404000</CreaTime><ArcGISFormat>1.0</ArcGISFormat><SyncOnce>FALSE</SyncOnce><DataProperties><itemProps><itemName Sync="TRUE">Polys2_Erase_Merge_Erase_Mer4</itemName><imsContentType Sync="TRUE">002</imsContentType><itemLocation><linkage Sync="TRUE">file://\\SHC-M376-002\Users\student\Documents\ArcGIS\Default.gdb</linkage><protocol Sync="TRUE">Local Area Network</protocol></itemLocation></itemProps><coordRef><type Sync="TRUE">Projected</type><geogcsn Sync="TRUE">GCS_WGS_1984</geogcsn><csUnits Sync="TRUE">Linear Unit: Meter (1.000000)</csUnits><projcsn Sync="TRUE">World_Gall_Stereographic</projcsn><peXml Sync="TRUE">&lt;ProjectedCoordinateSystem xsi:type='typens:ProjectedCoordinateSystem' xmlns:xsi='http://www.w3.org/2001/XMLSchema-instance' xmlns:xs='http://www.w3.org/2001/XMLSchema' xmlns:typens='http://www.esri.com/schemas/ArcGIS/10.3'&gt;&lt;WKT&gt;PROJCS[&amp;quot;World_Gall_Stereographic&amp;quot;,GEOGCS[&amp;quot;GCS_WGS_1984&amp;quot;,DATUM[&amp;quot;D_WGS_1984&amp;quot;,SPHEROID[&amp;quot;WGS_1984&amp;quot;,6378137.0,298.257223563]],PRIMEM[&amp;quot;Greenwich&amp;quot;,0.0],UNIT[&amp;quot;Degree&amp;quot;,0.0174532925199433]],PROJECTION[&amp;quot;Gall_Stereographic&amp;quot;],PARAMETER[&amp;quot;False_Easting&amp;quot;,0.0],PARAMETER[&amp;quot;False_Northing&amp;quot;,0.0],PARAMETER[&amp;quot;Central_Meridian&amp;quot;,0.0],UNIT[&amp;quot;Meter&amp;quot;,1.0],AUTHORITY[&amp;quot;ESRI&amp;quot;,54016]]&lt;/WKT&gt;&lt;XOrigin&gt;-14168800&lt;/XOrigin&gt;&lt;YOrigin&gt;-10888300&lt;/YOrigin&gt;&lt;XYScale&gt;10000&lt;/XYScale&gt;&lt;ZOrigin&gt;-100000&lt;/ZOrigin&gt;&lt;ZScale&gt;10000&lt;/ZScale&gt;&lt;MOrigin&gt;-100000&lt;/MOrigin&gt;&lt;MScale&gt;10000&lt;/MScale&gt;&lt;XYTolerance&gt;0.001&lt;/XYTolerance&gt;&lt;ZTolerance&gt;0.001&lt;/ZTolerance&gt;&lt;MTolerance&gt;0.001&lt;/MTolerance&gt;&lt;HighPrecision&gt;true&lt;/HighPrecision&gt;&lt;WKID&gt;54016&lt;/WKID&gt;&lt;LatestWKID&gt;54016&lt;/LatestWKID&gt;&lt;/ProjectedCoordinateSystem&gt;</peXml></coordRef><lineage><Process ToolSource="c:\program files (x86)\arcgis\desktop10.3\ArcToolbox\Toolboxes\Data Management Tools.tbx\FeatureToPolygon" Date="20150812" Time="112921">FeatureToPolygon Export_Output_2 C:\Users\student\Documents\ArcGIS\Default.gdb\Export_Output_2_FeatureToPol5 "1 Meters" ATTRIBUTES #</Process><Process ToolSource="c:\program files (x86)\arcgis\desktop10.3\ArcToolbox\Toolboxes\Analysis Tools.tbx\Erase" Date="20150812" Time="140911">Erase Export_Output_2_FeatureToPol5 New_Shapefile C:\Users\student\Documents\ArcGIS\Default.gdb\Export_Output_2_FeatureToPol6 #</Process><Process ToolSource="c:\program files (x86)\arcgis\desktop10.3\ArcToolbox\Toolboxes\Data Management Tools.tbx\Merge" Date="20150812" Time="140942">Merge Export_Output_2_FeatureToPol6;New_Shapefile C:\Users\student\Documents\ArcGIS\Default.gdb\Export_Output_2_FeatureToPol7 "Name "Name" true true false 50 Text 0 0 ,First,#,Export_Output_2_FeatureToPol6,Name,-1,-1;Type "Type" true true false 3 Text 0 0 ,First,#,Export_Output_2_FeatureToPol6,Type,-1,-1;Shape_Length "Shape_Length" false true true 8 Double 0 0 ,First,#,Export_Output_2_FeatureToPol6,Shape_Length,-1,-1;Shape_Area "Shape_Area" false true true 8 Double 0 0 ,First,#,Export_Output_2_FeatureToPol6,Shape_Area,-1,-1;Id "Id" true true false 6 Long 0 6 ,First,#,New_Shapefile,Id,-1,-1"</Process><Process ToolSource="c:\program files (x86)\arcgis\desktop10.3\ArcToolbox\Toolboxes\Analysis Tools.tbx\Erase" Date="20150812" Time="162921">Erase Cleaning2 New_Shapefile C:\Users\student\Documents\ArcGIS\Default.gdb\Cleaning2_Erase #</Process><Process ToolSource="c:\program files (x86)\arcgis\desktop10.3\ArcToolbox\Toolboxes\Data Management Tools.tbx\Merge" Date="20150812" Time="162948">Merge Cleaning2_Erase;New_Shapefile C:\Users\student\Documents\ArcGIS\Default.gdb\Cleaning2_Erase_Merge "OBJECTID "OBJECTID" true true false 4 Long 0 0 ,First,#,Cleaning2_Erase,OBJECTID,-1,-1;Name "Name" true true false 50 Text 0 0 ,First,#,Cleaning2_Erase,Name,-1,-1;Type "Type" true true false 3 Text 0 0 ,First,#,Cleaning2_Erase,Type,-1,-1;Id "Id" true true false 4 Long 0 0 ,First,#,Cleaning2_Erase,Id,-1,-1,New_Shapefile,Id,-1,-1;Shape_Leng "Shape_Leng" true true false 8 Double 0 0 ,First,#,Cleaning2_Erase,Shape_Leng,-1,-1;Shape_Length "Shape_Length" false true true 8 Double 0 0 ,First,#,Cleaning2_Erase,Shape_Length,-1,-1;Shape_Area "Shape_Area" false true true 8 Double 0 0 ,First,#,Cleaning2_Erase,Shape_Area,-1,-1"</Process><Process ToolSource="c:\program files (x86)\arcgis\desktop10.3\ArcToolbox\Toolboxes\Analysis Tools.tbx\Erase" Date="20150812" Time="163229">Erase Cleaning2_Erase_Merge New_Shapefile C:\Users\student\Documents\ArcGIS\Default.gdb\Cleaning2_Erase_Merge_Erase #</Process><Process ToolSource="c:\program files (x86)\arcgis\desktop10.3\ArcToolbox\Toolboxes\Data Management Tools.tbx\Merge" Date="20150812" Time="163242">Merge Cleaning2_Erase_Merge_Erase;New_Shapefile C:\Users\student\Documents\ArcGIS\Default.gdb\Cleaning2_Erase_Merge_Erase_ "OBJECTID "OBJECTID" true true false 4 Long 0 0 ,First,#,Cleaning2_Erase_Merge_Erase,OBJECTID,-1,-1;Name "Name" true true false 50 Text 0 0 ,First,#,Cleaning2_Erase_Merge_Erase,Name,-1,-1;Type "Type" true true false 3 Text 0 0 ,First,#,Cleaning2_Erase_Merge_Erase,Type,-1,-1;Id "Id" true true false 4 Long 0 0 ,First,#,Cleaning2_Erase_Merge_Erase,Id,-1,-1,New_Shapefile,Id,-1,-1;Shape_Leng "Shape_Leng" true true false 8 Double 0 0 ,First,#,Cleaning2_Erase_Merge_Erase,Shape_Leng,-1,-1;Shape_Length "Shape_Length" false true true 8 Double 0 0 ,First,#,Cleaning2_Erase_Merge_Erase,Shape_Length,-1,-1;Shape_Area "Shape_Area" false true true 8 Double 0 0 ,First,#,Cleaning2_Erase_Merge_Erase,Shape_Area,-1,-1"</Process><Process ToolSource="c:\program files (x86)\arcgis\desktop10.3\ArcToolbox\Toolboxes\Analysis Tools.tbx\Erase" Date="20150819" Time="151744">Erase Dylan\Polys2 New_Shapefile C:\Users\student\Documents\ArcGIS\Default.gdb\Polys2_Erase #</Process><Process ToolSource="c:\program files (x86)\arcgis\desktop10.3\ArcToolbox\Toolboxes\Data Management Tools.tbx\Merge" Date="20150819" Time="151813">Merge Polys2_Erase;New_Shapefile C:\Users\student\Documents\ArcGIS\Default.gdb\Polys2_Erase_Merge "OBJECTID_1 "OBJECTID_1" true true false 4 Long 0 0 ,First,#,Polys2_Erase,OBJECTID_1,-1,-1;Name "Name" true true false 50 Text 0 0 ,First,#,Polys2_Erase,Name,-1,-1;Type "Type" true true false 3 Text 0 0 ,First,#,Polys2_Erase,Type,-1,-1;Shape_Leng "Shape_Leng" true true false 8 Double 0 0 ,First,#,Polys2_Erase,Shape_Leng,-1,-1;Shape_Length "Shape_Length" false true true 8 Double 0 0 ,First,#,Polys2_Erase,Shape_Length,-1,-1;Shape_Area "Shape_Area" false true true 8 Double 0 0 ,First,#,Polys2_Erase,Shape_Area,-1,-1;Id "Id" true true false 6 Long 0 6 ,First,#,New_Shapefile,Id,-1,-1"</Process><Process ToolSource="c:\program files (x86)\arcgis\desktop10.3\ArcToolbox\Toolboxes\Analysis Tools.tbx\Erase" Date="20150819" Time="152658">Erase Dylan\Polys2_Erase_Merge New_Shapefile C:\Users\student\Documents\ArcGIS\Default.gdb\Polys2_Erase_Merge_Erase #</Process><Process ToolSource="c:\program files (x86)\arcgis\desktop10.3\ArcToolbox\Toolboxes\Data Management Tools.tbx\Merge" Date="20150819" Time="152708">Merge Polys2_Erase_Merge_Erase;New_Shapefile C:\Users\student\Documents\ArcGIS\Default.gdb\Polys2_Erase_Merge_Erase_Mer "OBJECTID_1 "OBJECTID_1" true true false 4 Long 0 0 ,First,#,Polys2_Erase_Merge_Erase,OBJECTID_1,-1,-1;Name "Name" true true false 50 Text 0 0 ,First,#,Polys2_Erase_Merge_Erase,Name,-1,-1;Type "Type" true true false 3 Text 0 0 ,First,#,Polys2_Erase_Merge_Erase,Type,-1,-1;Shape_Leng "Shape_Leng" true true false 8 Double 0 0 ,First,#,Polys2_Erase_Merge_Erase,Shape_Leng,-1,-1;Id "Id" true true false 4 Long 0 0 ,First,#,Polys2_Erase_Merge_Erase,Id,-1,-1,New_Shapefile,Id,-1,-1;Shape_Length "Shape_Length" false true true 8 Double 0 0 ,First,#,Polys2_Erase_Merge_Erase,Shape_Length,-1,-1;Shape_Area "Shape_Area" false true true 8 Double 0 0 ,First,#,Polys2_Erase_Merge_Erase,Shape_Area,-1,-1"</Process><Process ToolSource="c:\program files (x86)\arcgis\desktop10.3\ArcToolbox\Toolboxes\Analysis Tools.tbx\Erase" Date="20150819" Time="160730">Erase Dylan\Polys2_Erase_Merge_Erase_Mer New_Shapefile C:\Users\student\Documents\ArcGIS\Default.gdb\Polys2_Erase_Merge_Erase_Mer1 #</Process><Process ToolSource="c:\program files (x86)\arcgis\desktop10.3\ArcToolbox\Toolboxes\Data Management Tools.tbx\Merge" Date="20150819" Time="160758">Merge Polys2_Erase_Merge_Erase_Mer1;New_Shapefile C:\Users\student\Documents\ArcGIS\Default.gdb\Polys2_Erase_Merge_Erase_Mer2 "OBJECTID_1 "OBJECTID_1" true true false 4 Long 0 0 ,First,#,Polys2_Erase_Merge_Erase_Mer1,OBJECTID_1,-1,-1;Name "Name" true true false 50 Text 0 0 ,First,#,Polys2_Erase_Merge_Erase_Mer1,Name,-1,-1;Type "Type" true true false 3 Text 0 0 ,First,#,Polys2_Erase_Merge_Erase_Mer1,Type,-1,-1;Shape_Leng "Shape_Leng" true true false 8 Double 0 0 ,First,#,Polys2_Erase_Merge_Erase_Mer1,Shape_Leng,-1,-1;Id "Id" true true false 4 Long 0 0 ,First,#,Polys2_Erase_Merge_Erase_Mer1,Id,-1,-1,New_Shapefile,Id,-1,-1;Shape_Length "Shape_Length" false true true 8 Double 0 0 ,First,#,Polys2_Erase_Merge_Erase_Mer1,Shape_Length,-1,-1;Shape_Area "Shape_Area" false true true 8 Double 0 0 ,First,#,Polys2_Erase_Merge_Erase_Mer1,Shape_Area,-1,-1"</Process><Process ToolSource="c:\program files (x86)\arcgis\desktop10.3\ArcToolbox\Toolboxes\Analysis Tools.tbx\Erase" Date="20150819" Time="162518">Erase Dylan\Polys2_Erase_Merge_Erase_Mer2 New_Shapefile C:\Users\student\Documents\ArcGIS\Default.gdb\Polys2_Erase_Merge_Erase_Mer3 #</Process><Process ToolSource="c:\program files (x86)\arcgis\desktop10.3\ArcToolbox\Toolboxes\Data Management Tools.tbx\Merge" Date="20150819" Time="162532">Merge Polys2_Erase_Merge_Erase_Mer3;New_Shapefile C:\Users\student\Documents\ArcGIS\Default.gdb\Polys2_Erase_Merge_Erase_Mer4 "OBJECTID_1 "OBJECTID_1" true true false 4 Long 0 0 ,First,#,Polys2_Erase_Merge_Erase_Mer3,OBJECTID_1,-1,-1;Name "Name" true true false 50 Text 0 0 ,First,#,Polys2_Erase_Merge_Erase_Mer3,Name,-1,-1;Type "Type" true true false 3 Text 0 0 ,First,#,Polys2_Erase_Merge_Erase_Mer3,Type,-1,-1;Shape_Leng "Shape_Leng" true true false 8 Double 0 0 ,First,#,Polys2_Erase_Merge_Erase_Mer3,Shape_Leng,-1,-1;Id "Id" true true false 4 Long 0 0 ,First,#,Polys2_Erase_Merge_Erase_Mer3,Id,-1,-1,New_Shapefile,Id,-1,-1;Shape_Length "Shape_Length" false true true 8 Double 0 0 ,First,#,Polys2_Erase_Merge_Erase_Mer3,Shape_Length,-1,-1;Shape_Area "Shape_Area" false true true 8 Double 0 0 ,First,#,Polys2_Erase_Merge_Erase_Mer3,Shape_Area,-1,-1"</Process></lineage></DataProperties><SyncDate>20150819</SyncDate><SyncTime>16253100</SyncTime><ModDate>20150819</ModDate><ModTime>16253100</ModTime></Esri><dataIdInfo><envirDesc Sync="TRUE">Microsoft Windows 7 Version 6.1 (Build 7601) Service Pack 1; Esri ArcGIS 10.3.0.4322</envirDesc><dataLang><languageCode value="eng" Sync="TRUE"></languageCode><countryCode value="USA" Sync="TRUE"></countryCode></dataLang><idCitation><resTitle Sync="TRUE">Polys2_Erase_Merge_Erase_Mer4</resTitle><presForm><PresFormCd value="005" Sync="TRUE"></PresFormCd></presForm></idCitation><spatRpType><SpatRepTypCd value="001" Sync="TRUE"></SpatRepTypCd></spatRpType></dataIdInfo><mdLang><languageCode value="eng" Sync="TRUE"></languageCode><countryCode value="USA" Sync="TRUE"></countryCode></mdLang><distInfo><distFormat><formatName Sync="TRUE">File Geodatabase Feature Class</formatName></distFormat></distInfo><mdHrLv><ScopeCd value="005" Sync="TRUE"></ScopeCd></mdHrLv><mdHrLvName Sync="TRUE">dataset</mdHrLvName><refSysInfo><RefSystem><refSysID><identCode code="54016" Sync="TRUE"></identCode><idCodeSpace Sync="TRUE">ESRI</idCodeSpace><idVersion Sync="TRUE">10.2.1</idVersion></refSysID></RefSystem></refSysInfo><spatRepInfo><VectSpatRep><geometObjs Name="Polys2_Erase_Merge_Erase_Mer4"><geoObjTyp><GeoObjTypCd value="002" Sync="TRUE"></GeoObjTypCd></geoObjTyp><geoObjCnt Sync="TRUE">0</geoObjCnt></geometObjs><topLvl><TopoLevCd value="001" Sync="TRUE"></TopoLevCd></topLvl></VectSpatRep></spatRepInfo><spdoinfo><ptvctinf><esriterm Name="Polys2_Erase_Merge_Erase_Mer4"><efeatyp Sync="TRUE">Simple</efeatyp><efeageom code="4" Sync="TRUE"></efeageom><esritopo Sync="TRUE">FALSE</esritopo><efeacnt Sync="TRUE">0</efeacnt><spindex Sync="TRUE">TRUE</spindex><linrefer Sync="TRUE">FALSE</linrefer></esriterm></ptvctinf></spdoinfo><eainfo><detailed Name="Polys2_Erase_Merge_Erase_Mer4"><enttyp><enttypl Sync="TRUE">Polys2_Erase_Merge_Erase_Mer4</enttypl><enttypt Sync="TRUE">Feature Class</enttypt><enttypc Sync="TRUE">0</enttypc></enttyp><attr><attrlabl Sync="TRUE">OBJECTID_1</attrlabl><attalias Sync="TRUE">OBJECTID_1</attalias><attrtype Sync="TRUE">Integer</attrtype><attwidth Sync="TRUE">4</attwidth><atprecis Sync="TRUE">0</atprecis><attscale Sync="TRUE">0</attscale><attrdef Sync="TRUE">Internal feature number.</attrdef><attrdefs Sync="TRUE">Esri</attrdefs><attrdomv><udom Sync="TRUE">Sequential unique whole numbers that are automatically generated.</udom></attrdomv></attr><attr><attrlabl Sync="TRUE">OBJECTID</attrlabl><attalias Sync="TRUE">OBJECTID</attalias><attrtype Sync="TRUE">OID</attrtype><attwidth Sync="TRUE">4</attwidth><atprecis Sync="TRUE">0</atprecis><attscale Sync="TRUE">0</attscale><attrdef Sync="TRUE">Internal feature number.</attrdef><attrdefs Sync="TRUE">Esri</attrdefs><attrdomv><udom Sync="TRUE">Sequential unique whole numbers that are automatically generated.</udom></attrdomv></attr><attr><attrlabl Sync="TRUE">Shape</attrlabl><attalias Sync="TRUE">Shape</attalias><attrtype Sync="TRUE">Geometry</attrtype><attwidth Sync="TRUE">0</attwidth><atprecis Sync="TRUE">0</atprecis><attscale Sync="TRUE">0</attscale><attrdef Sync="TRUE">Feature geometry.</attrdef><attrdefs Sync="TRUE">Esri</attrdefs><attrdomv><udom Sync="TRUE">Coordinates defining the features.</udom></attrdomv></attr><attr><attrlabl Sync="TRUE">Name</attrlabl><attalias Sync="TRUE">Name</attalias><attrtype Sync="TRUE">String</attrtype><attwidth Sync="TRUE">50</attwidth><atprecis Sync="TRUE">0</atprecis><attscale Sync="TRUE">0</attscale></attr><attr><attrlabl Sync="TRUE">Type</attrlabl><attalias Sync="TRUE">Type</attalias><attrtype Sync="TRUE">String</attrtype><attwidth Sync="TRUE">3</attwidth><atprecis Sync="TRUE">0</atprecis><attscale Sync="TRUE">0</attscale></attr><attr><attrlabl Sync="TRUE">Shape_Leng</attrlabl><attalias Sync="TRUE">Shape_Leng</attalias><attrtype Sync="TRUE">Double</attrtype><attwidth Sync="TRUE">8</attwidth><atprecis Sync="TRUE">0</atprecis><attscale Sync="TRUE">0</attscale></attr><attr><attrlabl Sync="TRUE">Id</attrlabl><attalias Sync="TRUE">Id</attalias><attrtype Sync="TRUE">Integer</attrtype><attwidth Sync="TRUE">4</attwidth><atprecis Sync="TRUE">0</atprecis><attscale Sync="TRUE">0</attscale></attr><attr><attrlabl Sync="TRUE">Shape_Length</attrlabl><attalias Sync="TRUE">Shape_Length</attalias><attrtype Sync="TRUE">Double</attrtype><attwidth Sync="TRUE">8</attwidth><atprecis Sync="TRUE">0</atprecis><attscale Sync="TRUE">0</attscale><attrdef Sync="TRUE">Length of feature in internal units.</attrdef><attrdefs Sync="TRUE">Esri</attrdefs><attrdomv><udom Sync="TRUE">Positive real numbers that are automatically generated.</udom></attrdomv></attr><attr><attrlabl Sync="TRUE">Shape_Area</attrlabl><attalias Sync="TRUE">Shape_Area</attalias><attrtype Sync="TRUE">Double</attrtype><attwidth Sync="TRUE">8</attwidth><atprecis Sync="TRUE">0</atprecis><attscale Sync="TRUE">0</attscale><attrdef Sync="TRUE">Area of feature in internal units squared.</attrdef><attrdefs Sync="TRUE">Esri</attrdefs><attrdomv><udom Sync="TRUE">Positive real numbers that are automatically generated.</udom></attrdomv></attr></detailed></eainfo><mdDateSt Sync="TRUE">20150819</mdDateSt></metadata>
