{"type":"Topology","objects":{"Admin_0_lines":{"type":"GeometryCollection","crs":{"type":"name","properties":{"name":"urn:ogc:def:crs:OGC:1.3:CRS84"}},"geometries":[{"type":"LineString","properties":{"LEFT_FID":4,"RIGHT_FID":3},"arcs":[0]},{"type":"LineString","properties":{"LEFT_FID":4,"RIGHT_FID":3},"arcs":[1]},{"type":"LineString","properties":{"LEFT_FID":9,"RIGHT_FID":1},"arcs":[2]},{"type":"LineString","properties":{"LEFT_FID":9,"RIGHT_FID":4},"arcs":[3]},{"type":"LineString","properties":{"LEFT_FID":9,"RIGHT_FID":1},"arcs":[4]},{"type":"LineString","properties":{"LEFT_FID":12,"RIGHT_FID":10},"arcs":[5]},{"type":"LineString","properties":{"LEFT_FID":12,"RIGHT_FID":10},"arcs":[6]},{"type":"LineString","properties":{"LEFT_FID":21,"RIGHT_FID":12},"arcs":[7]},{"type":"LineString","properties":{"LEFT_FID":21,"RIGHT_FID":11},"arcs":[8]},{"type":"LineString","properties":{"LEFT_FID":12,"RIGHT_FID":11},"arcs":[9]},{"type":"LineString","properties":{"LEFT_FID":21,"RIGHT_FID":11},"arcs":[10]},{"type":"LineString","properties":{"LEFT_FID":4,"RIGHT_FID":1},"arcs":[11]},{"type":"LineString","properties":{"LEFT_FID":18,"RIGHT_FID":12},"arcs":[12]},{"type":"LineString","properties":{"LEFT_FID":21,"RIGHT_FID":12},"arcs":[13]},{"type":"LineString","properties":{"LEFT_FID":25,"RIGHT_FID":3},"arcs":[14]},{"type":"LineString","properties":{"LEFT_FID":4,"RIGHT_FID":3},"arcs":[15]},{"type":"LineString","properties":{"LEFT_FID":17,"RIGHT_FID":12},"arcs":[16]},{"type":"LineString","properties":{"LEFT_FID":16,"RIGHT_FID":12},"arcs":[17]},{"type":"LineString","properties":{"LEFT_FID":17,"RIGHT_FID":12},"arcs":[18]},{"type":"LineString","properties":{"LEFT_FID":13,"RIGHT_FID":1},"arcs":[19]},{"type":"LineString","properties":{"LEFT_FID":13,"RIGHT_FID":4},"arcs":[20]},{"type":"LineString","properties":{"LEFT_FID":25,"RIGHT_FID":4},"arcs":[21]},{"type":"LineString","properties":{"LEFT_FID":25,"RIGHT_FID":4},"arcs":[22]},{"type":"LineString","properties":{"LEFT_FID":13,"RIGHT_FID":1},"arcs":[23]},{"type":"LineString","properties":{"LEFT_FID":25,"RIGHT_FID":13},"arcs":[24]},{"type":"LineString","properties":{"LEFT_FID":17,"RIGHT_FID":16},"arcs":[25]},{"type":"LineString","properties":{"LEFT_FID":3,"RIGHT_FID":0},"arcs":[26]},{"type":"LineString","properties":{"LEFT_FID":25,"RIGHT_FID":3},"arcs":[27]},{"type":"LineString","properties":{"LEFT_FID":27,"RIGHT_FID":16},"arcs":[28]},{"type":"LineString","properties":{"LEFT_FID":18,"RIGHT_FID":16},"arcs":[29]},{"type":"LineString","properties":{"LEFT_FID":27,"RIGHT_FID":16},"arcs":[30]},{"type":"LineString","properties":{"LEFT_FID":27,"RIGHT_FID":18},"arcs":[31]},{"type":"LineString","properties":{"LEFT_FID":21,"RIGHT_FID":17},"arcs":[32]},{"type":"LineString","properties":{"LEFT_FID":27,"RIGHT_FID":17},"arcs":[33]},{"type":"LineString","properties":{"LEFT_FID":21,"RIGHT_FID":17},"arcs":[34]},{"type":"LineString","properties":{"LEFT_FID":28,"RIGHT_FID":18},"arcs":[35]},{"type":"LineString","properties":{"LEFT_FID":28,"RIGHT_FID":18},"arcs":[36]},{"type":"LineString","properties":{"LEFT_FID":27,"RIGHT_FID":21},"arcs":[37]},{"type":"LineString","properties":{"LEFT_FID":24,"RIGHT_FID":21},"arcs":[38]},{"type":"LineString","properties":{"LEFT_FID":25,"RIGHT_FID":0},"arcs":[39]},{"type":"LineString","properties":{"LEFT_FID":28,"RIGHT_FID":27},"arcs":[40]},{"type":"LineString","properties":{"LEFT_FID":33,"RIGHT_FID":21},"arcs":[41]},{"type":"LineString","properties":{"LEFT_FID":33,"RIGHT_FID":24},"arcs":[42]},{"type":"LineString","properties":{"LEFT_FID":27,"RIGHT_FID":24},"arcs":[43]},{"type":"LineString","properties":{"LEFT_FID":33,"RIGHT_FID":24},"arcs":[44]},{"type":"LineString","properties":{"LEFT_FID":25,"RIGHT_FID":1},"arcs":[45]},{"type":"LineString","properties":{"LEFT_FID":25,"RIGHT_FID":1},"arcs":[46]},{"type":"LineString","properties":{"LEFT_FID":33,"RIGHT_FID":27},"arcs":[47]},{"type":"LineString","properties":{"LEFT_FID":26,"RIGHT_FID":23},"arcs":[48]},{"type":"LineString","properties":{"LEFT_FID":29,"RIGHT_FID":27},"arcs":[49]},{"type":"LineString","properties":{"LEFT_FID":29,"RIGHT_FID":28},"arcs":[50]},{"type":"LineString","properties":{"LEFT_FID":29,"RIGHT_FID":28},"arcs":[51]},{"type":"LineString","properties":{"LEFT_FID":1,"RIGHT_FID":0},"arcs":[52]},{"type":"LineString","properties":{"LEFT_FID":30,"RIGHT_FID":23},"arcs":[53]},{"type":"LineString","properties":{"LEFT_FID":33,"RIGHT_FID":31},"arcs":[54]},{"type":"LineString","properties":{"LEFT_FID":32,"RIGHT_FID":31},"arcs":[55]},{"type":"LineString","properties":{"LEFT_FID":31,"RIGHT_FID":29},"arcs":[56]},{"type":"LineString","properties":{"LEFT_FID":32,"RIGHT_FID":31},"arcs":[57]},{"type":"LineString","properties":{"LEFT_FID":39,"RIGHT_FID":33},"arcs":[58]},{"type":"LineString","properties":{"LEFT_FID":33,"RIGHT_FID":32},"arcs":[59]},{"type":"LineString","properties":{"LEFT_FID":38,"RIGHT_FID":32},"arcs":[60]},{"type":"LineString","properties":{"LEFT_FID":32,"RIGHT_FID":29},"arcs":[61]},{"type":"LineString","properties":{"LEFT_FID":38,"RIGHT_FID":32},"arcs":[62]},{"type":"LineString","properties":{"LEFT_FID":38,"RIGHT_FID":33},"arcs":[63]},{"type":"LineString","properties":{"LEFT_FID":65,"RIGHT_FID":0},"arcs":[64]},{"type":"LineString","properties":{"LEFT_FID":34,"RIGHT_FID":0},"arcs":[65]},{"type":"LineString","properties":{"LEFT_FID":65,"RIGHT_FID":0},"arcs":[66]},{"type":"LineString","properties":{"LEFT_FID":65,"RIGHT_FID":34},"arcs":[67]},{"type":"LineString","properties":{"LEFT_FID":65,"RIGHT_FID":34},"arcs":[68]},{"type":"LineString","properties":{"LEFT_FID":65,"RIGHT_FID":1},"arcs":[69]},{"type":"LineString","properties":{"LEFT_FID":37,"RIGHT_FID":35},"arcs":[70]},{"type":"LineString","properties":{"LEFT_FID":36,"RIGHT_FID":35},"arcs":[71]},{"type":"LineString","properties":{"LEFT_FID":63,"RIGHT_FID":35},"arcs":[72]},{"type":"LineString","properties":{"LEFT_FID":63,"RIGHT_FID":35},"arcs":[73]},{"type":"LineString","properties":{"LEFT_FID":42,"RIGHT_FID":1},"arcs":[74]},{"type":"LineString","properties":{"LEFT_FID":40,"RIGHT_FID":1},"arcs":[75]},{"type":"LineString","properties":{"LEFT_FID":63,"RIGHT_FID":36},"arcs":[76]},{"type":"LineString","properties":{"LEFT_FID":63,"RIGHT_FID":37},"arcs":[77]},{"type":"LineString","properties":{"LEFT_FID":63,"RIGHT_FID":36},"arcs":[78]},{"type":"LineString","properties":{"LEFT_FID":40,"RIGHT_FID":1},"arcs":[79]},{"type":"LineString","properties":{"LEFT_FID":37,"RIGHT_FID":29},"arcs":[80]},{"type":"LineString","properties":{"LEFT_FID":60,"RIGHT_FID":39},"arcs":[81]},{"type":"LineString","properties":{"LEFT_FID":54,"RIGHT_FID":37},"arcs":[82]},{"type":"LineString","properties":{"LEFT_FID":54,"RIGHT_FID":37},"arcs":[83]},{"type":"LineString","properties":{"LEFT_FID":39,"RIGHT_FID":38},"arcs":[84]},{"type":"LineString","properties":{"LEFT_FID":38,"RIGHT_FID":29},"arcs":[85]},{"type":"LineString","properties":{"LEFT_FID":41,"RIGHT_FID":23},"arcs":[86]},{"type":"LineString","properties":{"LEFT_FID":48,"RIGHT_FID":38},"arcs":[87]},{"type":"LineString","properties":{"LEFT_FID":39,"RIGHT_FID":38},"arcs":[88]},{"type":"LineString","properties":{"LEFT_FID":48,"RIGHT_FID":29},"arcs":[89]},{"type":"LineString","properties":{"LEFT_FID":44,"RIGHT_FID":1},"arcs":[90]},{"type":"LineString","properties":{"LEFT_FID":70,"RIGHT_FID":39},"arcs":[91]},{"type":"LineString","properties":{"LEFT_FID":58,"RIGHT_FID":1},"arcs":[92]},{"type":"LineString","properties":{"LEFT_FID":44,"RIGHT_FID":1},"arcs":[93]},{"type":"LineString","properties":{"LEFT_FID":48,"RIGHT_FID":39},"arcs":[94]},{"type":"LineString","properties":{"LEFT_FID":70,"RIGHT_FID":39},"arcs":[95]},{"type":"LineString","properties":{"LEFT_FID":42,"RIGHT_FID":40},"arcs":[96]},{"type":"LineString","properties":{"LEFT_FID":54,"RIGHT_FID":29},"arcs":[97]},{"type":"LineString","properties":{"LEFT_FID":48,"RIGHT_FID":29},"arcs":[98]},{"type":"LineString","properties":{"LEFT_FID":44,"RIGHT_FID":42},"arcs":[99]},{"type":"LineString","properties":{"LEFT_FID":83,"RIGHT_FID":41},"arcs":[100]},{"type":"LineString","properties":{"LEFT_FID":70,"RIGHT_FID":60},"arcs":[101]},{"type":"LineString","properties":{"LEFT_FID":63,"RIGHT_FID":54},"arcs":[102]},{"type":"LineString","properties":{"LEFT_FID":51,"RIGHT_FID":43},"arcs":[103]},{"type":"LineString","properties":{"LEFT_FID":54,"RIGHT_FID":48},"arcs":[104]},{"type":"LineString","properties":{"LEFT_FID":62,"RIGHT_FID":43},"arcs":[105]},{"type":"LineString","properties":{"LEFT_FID":47,"RIGHT_FID":43},"arcs":[106]},{"type":"LineString","properties":{"LEFT_FID":62,"RIGHT_FID":43},"arcs":[107]},{"type":"LineString","properties":{"LEFT_FID":58,"RIGHT_FID":44},"arcs":[108]},{"type":"LineString","properties":{"LEFT_FID":65,"RIGHT_FID":50},"arcs":[109]},{"type":"LineString","properties":{"LEFT_FID":57,"RIGHT_FID":50},"arcs":[110]},{"type":"LineString","properties":{"LEFT_FID":70,"RIGHT_FID":48},"arcs":[111]},{"type":"LineString","properties":{"LEFT_FID":52,"RIGHT_FID":51},"arcs":[112]},{"type":"LineString","properties":{"LEFT_FID":62,"RIGHT_FID":47},"arcs":[113]},{"type":"LineString","properties":{"LEFT_FID":84,"RIGHT_FID":48},"arcs":[114]},{"type":"LineString","properties":{"LEFT_FID":62,"RIGHT_FID":47},"arcs":[115]},{"type":"LineString","properties":{"LEFT_FID":72,"RIGHT_FID":51},"arcs":[116]},{"type":"LineString","properties":{"LEFT_FID":93,"RIGHT_FID":51},"arcs":[117]},{"type":"LineString","properties":{"LEFT_FID":62,"RIGHT_FID":51},"arcs":[118]},{"type":"LineString","properties":{"LEFT_FID":93,"RIGHT_FID":51},"arcs":[119]},{"type":"LineString","properties":{"LEFT_FID":59,"RIGHT_FID":53},"arcs":[120]},{"type":"LineString","properties":{"LEFT_FID":70,"RIGHT_FID":55},"arcs":[121]},{"type":"LineString","properties":{"LEFT_FID":53,"RIGHT_FID":52},"arcs":[122]},{"type":"LineString","properties":{"LEFT_FID":72,"RIGHT_FID":52},"arcs":[123]},{"type":"LineString","properties":{"LEFT_FID":64,"RIGHT_FID":55},"arcs":[124]},{"type":"LineString","properties":{"LEFT_FID":72,"RIGHT_FID":53},"arcs":[125]},{"type":"LineString","properties":{"LEFT_FID":59,"RIGHT_FID":53},"arcs":[126]},{"type":"LineString","properties":{"LEFT_FID":84,"RIGHT_FID":54},"arcs":[127]},{"type":"LineString","properties":{"LEFT_FID":86,"RIGHT_FID":54},"arcs":[128]},{"type":"LineString","properties":{"LEFT_FID":86,"RIGHT_FID":54},"arcs":[129]},{"type":"LineString","properties":{"LEFT_FID":60,"RIGHT_FID":55},"arcs":[130]},{"type":"LineString","properties":{"LEFT_FID":71,"RIGHT_FID":57},"arcs":[131]},{"type":"LineString","properties":{"LEFT_FID":71,"RIGHT_FID":57},"arcs":[132]},{"type":"LineString","properties":{"LEFT_FID":65,"RIGHT_FID":58},"arcs":[133]},{"type":"LineString","properties":{"LEFT_FID":84,"RIGHT_FID":48},"arcs":[134]},{"type":"LineString","properties":{"LEFT_FID":66,"RIGHT_FID":59},"arcs":[135]},{"type":"LineString","properties":{"LEFT_FID":88,"RIGHT_FID":59},"arcs":[136]},{"type":"LineString","properties":{"LEFT_FID":72,"RIGHT_FID":59},"arcs":[137]},{"type":"LineString","properties":{"LEFT_FID":88,"RIGHT_FID":59},"arcs":[138]},{"type":"LineString","properties":{"LEFT_FID":62,"RIGHT_FID":61},"arcs":[139]},{"type":"LineString","properties":{"LEFT_FID":66,"RIGHT_FID":63},"arcs":[140]},{"type":"LineString","properties":{"LEFT_FID":86,"RIGHT_FID":63},"arcs":[141]},{"type":"LineString","properties":{"LEFT_FID":74,"RIGHT_FID":61},"arcs":[142]},{"type":"LineString","properties":{"LEFT_FID":93,"RIGHT_FID":62},"arcs":[143]},{"type":"LineString","properties":{"LEFT_FID":74,"RIGHT_FID":61},"arcs":[144]},{"type":"LineString","properties":{"LEFT_FID":70,"RIGHT_FID":64},"arcs":[145]},{"type":"LineString","properties":{"LEFT_FID":74,"RIGHT_FID":62},"arcs":[146]},{"type":"LineString","properties":{"LEFT_FID":93,"RIGHT_FID":62},"arcs":[147]},{"type":"LineString","properties":{"LEFT_FID":88,"RIGHT_FID":63},"arcs":[148]},{"type":"LineString","properties":{"LEFT_FID":86,"RIGHT_FID":63},"arcs":[149]},{"type":"LineString","properties":{"LEFT_FID":75,"RIGHT_FID":64},"arcs":[150]},{"type":"LineString","properties":{"LEFT_FID":71,"RIGHT_FID":69},"arcs":[151]},{"type":"LineString","properties":{"LEFT_FID":88,"RIGHT_FID":66},"arcs":[152]},{"type":"LineString","properties":{"LEFT_FID":88,"RIGHT_FID":66},"arcs":[153]},{"type":"LineString","properties":{"LEFT_FID":84,"RIGHT_FID":70},"arcs":[154]},{"type":"LineString","properties":{"LEFT_FID":74,"RIGHT_FID":67},"arcs":[155]},{"type":"LineString","properties":{"LEFT_FID":74,"RIGHT_FID":67},"arcs":[156]},{"type":"LineString","properties":{"LEFT_FID":68,"RIGHT_FID":49},"arcs":[157]},{"type":"LineString","properties":{"LEFT_FID":83,"RIGHT_FID":68},"arcs":[158]},{"type":"LineString","properties":{"LEFT_FID":85,"RIGHT_FID":68},"arcs":[159]},{"type":"LineString","properties":{"LEFT_FID":68,"RIGHT_FID":49},"arcs":[160]},{"type":"LineString","properties":{"LEFT_FID":73,"RIGHT_FID":69},"arcs":[161]},{"type":"LineString","properties":{"LEFT_FID":76,"RIGHT_FID":69},"arcs":[162]},{"type":"LineString","properties":{"LEFT_FID":73,"RIGHT_FID":69},"arcs":[163]},{"type":"LineString","properties":{"LEFT_FID":75,"RIGHT_FID":70},"arcs":[164]},{"type":"LineString","properties":{"LEFT_FID":75,"RIGHT_FID":70},"arcs":[165]},{"type":"LineString","properties":{"LEFT_FID":88,"RIGHT_FID":72},"arcs":[166]},{"type":"LineString","properties":{"LEFT_FID":73,"RIGHT_FID":71},"arcs":[167]},{"type":"LineString","properties":{"LEFT_FID":93,"RIGHT_FID":74},"arcs":[168]},{"type":"LineString","properties":{"LEFT_FID":93,"RIGHT_FID":72},"arcs":[169]},{"type":"LineString","properties":{"LEFT_FID":93,"RIGHT_FID":72},"arcs":[170]},{"type":"LineString","properties":{"LEFT_FID":76,"RIGHT_FID":73},"arcs":[171]},{"type":"LineString","properties":{"LEFT_FID":96,"RIGHT_FID":74},"arcs":[172]},{"type":"LineString","properties":{"LEFT_FID":96,"RIGHT_FID":74},"arcs":[173]},{"type":"LineString","properties":{"LEFT_FID":84,"RIGHT_FID":75},"arcs":[174]},{"type":"LineString","properties":{"LEFT_FID":77,"RIGHT_FID":76},"arcs":[175]},{"type":"LineString","properties":{"LEFT_FID":104,"RIGHT_FID":76},"arcs":[176]},{"type":"LineString","properties":{"LEFT_FID":104,"RIGHT_FID":76},"arcs":[177]},{"type":"LineString","properties":{"LEFT_FID":104,"RIGHT_FID":77},"arcs":[178]},{"type":"LineString","properties":{"LEFT_FID":104,"RIGHT_FID":77},"arcs":[179]},{"type":"LineString","properties":{"LEFT_FID":89,"RIGHT_FID":80},"arcs":[180]},{"type":"LineString","properties":{"LEFT_FID":103,"RIGHT_FID":80},"arcs":[181]},{"type":"LineString","properties":{"LEFT_FID":103,"RIGHT_FID":80},"arcs":[182]},{"type":"LineString","properties":{"LEFT_FID":93,"RIGHT_FID":88},"arcs":[183]},{"type":"LineString","properties":{"LEFT_FID":86,"RIGHT_FID":84},"arcs":[184]},{"type":"LineString","properties":{"LEFT_FID":82,"RIGHT_FID":81},"arcs":[185]},{"type":"LineString","properties":{"LEFT_FID":85,"RIGHT_FID":83},"arcs":[186]},{"type":"LineString","properties":{"LEFT_FID":99,"RIGHT_FID":83},"arcs":[187]},{"type":"LineString","properties":{"LEFT_FID":85,"RIGHT_FID":83},"arcs":[188]},{"type":"LineString","properties":{"LEFT_FID":99,"RIGHT_FID":85},"arcs":[189]},{"type":"LineString","properties":{"LEFT_FID":113,"RIGHT_FID":96},"arcs":[190]},{"type":"LineString","properties":{"LEFT_FID":85,"RIGHT_FID":49},"arcs":[191]},{"type":"LineString","properties":{"LEFT_FID":102,"RIGHT_FID":84},"arcs":[192]},{"type":"LineString","properties":{"LEFT_FID":88,"RIGHT_FID":86},"arcs":[193]},{"type":"LineString","properties":{"LEFT_FID":149,"RIGHT_FID":85},"arcs":[194]},{"type":"LineString","properties":{"LEFT_FID":85,"RIGHT_FID":49},"arcs":[195]},{"type":"LineString","properties":{"LEFT_FID":99,"RIGHT_FID":90},"arcs":[196]},{"type":"LineString","properties":{"LEFT_FID":108,"RIGHT_FID":84},"arcs":[197]},{"type":"LineString","properties":{"LEFT_FID":102,"RIGHT_FID":84},"arcs":[198]},{"type":"LineString","properties":{"LEFT_FID":103,"RIGHT_FID":89},"arcs":[199]},{"type":"LineString","properties":{"LEFT_FID":108,"RIGHT_FID":86},"arcs":[200]},{"type":"LineString","properties":{"LEFT_FID":108,"RIGHT_FID":86},"arcs":[201]},{"type":"LineString","properties":{"LEFT_FID":149,"RIGHT_FID":49},"arcs":[202]},{"type":"LineString","properties":{"LEFT_FID":108,"RIGHT_FID":88},"arcs":[203]},{"type":"LineString","properties":{"LEFT_FID":116,"RIGHT_FID":88},"arcs":[204]},{"type":"LineString","properties":{"LEFT_FID":108,"RIGHT_FID":88},"arcs":[205]},{"type":"LineString","properties":{"LEFT_FID":103,"RIGHT_FID":94},"arcs":[206]},{"type":"LineString","properties":{"LEFT_FID":94,"RIGHT_FID":89},"arcs":[207]},{"type":"LineString","properties":{"LEFT_FID":114,"RIGHT_FID":90},"arcs":[208]},{"type":"LineString","properties":{"LEFT_FID":116,"RIGHT_FID":93},"arcs":[209]},{"type":"LineString","properties":{"LEFT_FID":96,"RIGHT_FID":93},"arcs":[210]},{"type":"LineString","properties":{"LEFT_FID":116,"RIGHT_FID":93},"arcs":[211]},{"type":"LineString","properties":{"LEFT_FID":114,"RIGHT_FID":90},"arcs":[212]},{"type":"LineString","properties":{"LEFT_FID":103,"RIGHT_FID":95},"arcs":[213]},{"type":"LineString","properties":{"LEFT_FID":97,"RIGHT_FID":96},"arcs":[214]},{"type":"LineString","properties":{"LEFT_FID":116,"RIGHT_FID":96},"arcs":[215]},{"type":"LineString","properties":{"LEFT_FID":116,"RIGHT_FID":96},"arcs":[216]},{"type":"LineString","properties":{"LEFT_FID":116,"RIGHT_FID":97},"arcs":[217]},{"type":"LineString","properties":{"LEFT_FID":114,"RIGHT_FID":98},"arcs":[218]},{"type":"LineString","properties":{"LEFT_FID":149,"RIGHT_FID":114},"arcs":[219]},{"type":"LineString","properties":{"LEFT_FID":113,"RIGHT_FID":97},"arcs":[220]},{"type":"LineString","properties":{"LEFT_FID":116,"RIGHT_FID":97},"arcs":[221]},{"type":"LineString","properties":{"LEFT_FID":149,"RIGHT_FID":98},"arcs":[222]},{"type":"LineString","properties":{"LEFT_FID":149,"RIGHT_FID":99},"arcs":[223]},{"type":"LineString","properties":{"LEFT_FID":149,"RIGHT_FID":98},"arcs":[224]},{"type":"LineString","properties":{"LEFT_FID":114,"RIGHT_FID":99},"arcs":[225]},{"type":"LineString","properties":{"LEFT_FID":149,"RIGHT_FID":99},"arcs":[226]},{"type":"LineString","properties":{"LEFT_FID":103,"RIGHT_FID":101},"arcs":[227]},{"type":"LineString","properties":{"LEFT_FID":123,"RIGHT_FID":115},"arcs":[228]},{"type":"LineString","properties":{"LEFT_FID":149,"RIGHT_FID":114},"arcs":[229]},{"type":"LineString","properties":{"LEFT_FID":105,"RIGHT_FID":102},"arcs":[230]},{"type":"LineString","properties":{"LEFT_FID":149,"RIGHT_FID":100},"arcs":[231]},{"type":"LineString","properties":{"LEFT_FID":114,"RIGHT_FID":100},"arcs":[232]},{"type":"LineString","properties":{"LEFT_FID":149,"RIGHT_FID":100},"arcs":[233]},{"type":"LineString","properties":{"LEFT_FID":119,"RIGHT_FID":101},"arcs":[234]},{"type":"LineString","properties":{"LEFT_FID":123,"RIGHT_FID":101},"arcs":[235]},{"type":"LineString","properties":{"LEFT_FID":106,"RIGHT_FID":102},"arcs":[236]},{"type":"LineString","properties":{"LEFT_FID":116,"RIGHT_FID":108},"arcs":[237]},{"type":"LineString","properties":{"LEFT_FID":108,"RIGHT_FID":102},"arcs":[238]},{"type":"LineString","properties":{"LEFT_FID":105,"RIGHT_FID":103},"arcs":[239]},{"type":"LineString","properties":{"LEFT_FID":119,"RIGHT_FID":103},"arcs":[240]},{"type":"LineString","properties":{"LEFT_FID":119,"RIGHT_FID":103},"arcs":[241]},{"type":"LineString","properties":{"LEFT_FID":117,"RIGHT_FID":108},"arcs":[242]},{"type":"LineString","properties":{"LEFT_FID":106,"RIGHT_FID":105},"arcs":[243]},{"type":"LineString","properties":{"LEFT_FID":119,"RIGHT_FID":105},"arcs":[244]},{"type":"LineString","properties":{"LEFT_FID":150,"RIGHT_FID":104},"arcs":[245]},{"type":"LineString","properties":{"LEFT_FID":150,"RIGHT_FID":104},"arcs":[246]},{"type":"LineString","properties":{"LEFT_FID":118,"RIGHT_FID":106},"arcs":[247]},{"type":"LineString","properties":{"LEFT_FID":118,"RIGHT_FID":105},"arcs":[248]},{"type":"LineString","properties":{"LEFT_FID":119,"RIGHT_FID":105},"arcs":[249]},{"type":"LineString","properties":{"LEFT_FID":109,"RIGHT_FID":106},"arcs":[250]},{"type":"LineString","properties":{"LEFT_FID":109,"RIGHT_FID":106},"arcs":[251]},{"type":"LineString","properties":{"LEFT_FID":118,"RIGHT_FID":109},"arcs":[252]},{"type":"LineString","properties":{"LEFT_FID":118,"RIGHT_FID":109},"arcs":[253]},{"type":"LineString","properties":{"LEFT_FID":149,"RIGHT_FID":114},"arcs":[254]},{"type":"LineString","properties":{"LEFT_FID":111,"RIGHT_FID":110},"arcs":[255]},{"type":"LineString","properties":{"LEFT_FID":111,"RIGHT_FID":110},"arcs":[256]},{"type":"LineString","properties":{"LEFT_FID":123,"RIGHT_FID":121},"arcs":[257]},{"type":"LineString","properties":{"LEFT_FID":116,"RIGHT_FID":113},"arcs":[258]},{"type":"LineString","properties":{"LEFT_FID":115,"RIGHT_FID":114},"arcs":[259]},{"type":"LineString","properties":{"LEFT_FID":149,"RIGHT_FID":114},"arcs":[260]},{"type":"LineString","properties":{"LEFT_FID":149,"RIGHT_FID":115},"arcs":[261]},{"type":"LineString","properties":{"LEFT_FID":121,"RIGHT_FID":115},"arcs":[262]},{"type":"LineString","properties":{"LEFT_FID":117,"RIGHT_FID":116},"arcs":[263]},{"type":"LineString","properties":{"LEFT_FID":123,"RIGHT_FID":119},"arcs":[264]},{"type":"LineString","properties":{"LEFT_FID":119,"RIGHT_FID":118},"arcs":[265]},{"type":"LineString","properties":{"LEFT_FID":130,"RIGHT_FID":121},"arcs":[266]},{"type":"LineString","properties":{"LEFT_FID":128,"RIGHT_FID":118},"arcs":[267]},{"type":"LineString","properties":{"LEFT_FID":119,"RIGHT_FID":118},"arcs":[268]},{"type":"LineString","properties":{"LEFT_FID":128,"RIGHT_FID":119},"arcs":[269]},{"type":"LineString","properties":{"LEFT_FID":128,"RIGHT_FID":119},"arcs":[270]},{"type":"LineString","properties":{"LEFT_FID":141,"RIGHT_FID":121},"arcs":[271]},{"type":"LineString","properties":{"LEFT_FID":149,"RIGHT_FID":121},"arcs":[272]},{"type":"LineString","properties":{"LEFT_FID":130,"RIGHT_FID":123},"arcs":[273]},{"type":"LineString","properties":{"LEFT_FID":124,"RIGHT_FID":121},"arcs":[274]},{"type":"LineString","properties":{"LEFT_FID":124,"RIGHT_FID":121},"arcs":[275]},{"type":"LineString","properties":{"LEFT_FID":131,"RIGHT_FID":122},"arcs":[276]},{"type":"LineString","properties":{"LEFT_FID":125,"RIGHT_FID":123},"arcs":[277]},{"type":"LineString","properties":{"LEFT_FID":149,"RIGHT_FID":124},"arcs":[278]},{"type":"LineString","properties":{"LEFT_FID":126,"RIGHT_FID":123},"arcs":[279]},{"type":"LineString","properties":{"LEFT_FID":128,"RIGHT_FID":123},"arcs":[280]},{"type":"LineString","properties":{"LEFT_FID":125,"RIGHT_FID":123},"arcs":[281]},{"type":"LineString","properties":{"LEFT_FID":135,"RIGHT_FID":124},"arcs":[282]},{"type":"LineString","properties":{"LEFT_FID":141,"RIGHT_FID":124},"arcs":[283]},{"type":"LineString","properties":{"LEFT_FID":126,"RIGHT_FID":125},"arcs":[284]},{"type":"LineString","properties":{"LEFT_FID":141,"RIGHT_FID":124},"arcs":[285]},{"type":"LineString","properties":{"LEFT_FID":132,"RIGHT_FID":112},"arcs":[286]},{"type":"LineString","properties":{"LEFT_FID":133,"RIGHT_FID":126},"arcs":[287]},{"type":"LineString","properties":{"LEFT_FID":133,"RIGHT_FID":125},"arcs":[288]},{"type":"LineString","properties":{"LEFT_FID":128,"RIGHT_FID":125},"arcs":[289]},{"type":"LineString","properties":{"LEFT_FID":133,"RIGHT_FID":125},"arcs":[290]},{"type":"LineString","properties":{"LEFT_FID":129,"RIGHT_FID":112},"arcs":[291]},{"type":"LineString","properties":{"LEFT_FID":133,"RIGHT_FID":128},"arcs":[292]},{"type":"LineString","properties":{"LEFT_FID":128,"RIGHT_FID":112},"arcs":[293]},{"type":"LineString","properties":{"LEFT_FID":157,"RIGHT_FID":126},"arcs":[294]},{"type":"LineString","properties":{"LEFT_FID":137,"RIGHT_FID":129},"arcs":[295]},{"type":"LineString","properties":{"LEFT_FID":128,"RIGHT_FID":112},"arcs":[296]},{"type":"LineString","properties":{"LEFT_FID":136,"RIGHT_FID":127},"arcs":[297]},{"type":"LineString","properties":{"LEFT_FID":137,"RIGHT_FID":112},"arcs":[298]},{"type":"LineString","properties":{"LEFT_FID":136,"RIGHT_FID":127},"arcs":[299]},{"type":"LineString","properties":{"LEFT_FID":132,"RIGHT_FID":129},"arcs":[300]},{"type":"LineString","properties":{"LEFT_FID":139,"RIGHT_FID":129},"arcs":[301]},{"type":"LineString","properties":{"LEFT_FID":137,"RIGHT_FID":129},"arcs":[302]},{"type":"LineString","properties":{"LEFT_FID":141,"RIGHT_FID":135},"arcs":[303]},{"type":"LineString","properties":{"LEFT_FID":149,"RIGHT_FID":135},"arcs":[304]},{"type":"LineString","properties":{"LEFT_FID":162,"RIGHT_FID":130},"arcs":[305]},{"type":"LineString","properties":{"LEFT_FID":141,"RIGHT_FID":130},"arcs":[306]},{"type":"LineString","properties":{"LEFT_FID":141,"RIGHT_FID":130},"arcs":[307]},{"type":"LineString","properties":{"LEFT_FID":137,"RIGHT_FID":128},"arcs":[308]},{"type":"LineString","properties":{"LEFT_FID":142,"RIGHT_FID":134},"arcs":[309]},{"type":"LineString","properties":{"LEFT_FID":139,"RIGHT_FID":132},"arcs":[310]},{"type":"LineString","properties":{"LEFT_FID":157,"RIGHT_FID":131},"arcs":[311]},{"type":"LineString","properties":{"LEFT_FID":149,"RIGHT_FID":131},"arcs":[312]},{"type":"LineString","properties":{"LEFT_FID":149,"RIGHT_FID":131},"arcs":[313]},{"type":"LineString","properties":{"LEFT_FID":157,"RIGHT_FID":133},"arcs":[314]},{"type":"LineString","properties":{"LEFT_FID":134,"RIGHT_FID":132},"arcs":[315]},{"type":"LineString","properties":{"LEFT_FID":139,"RIGHT_FID":132},"arcs":[316]},{"type":"LineString","properties":{"LEFT_FID":157,"RIGHT_FID":133},"arcs":[317]},{"type":"LineString","properties":{"LEFT_FID":150,"RIGHT_FID":144},"arcs":[318]},{"type":"LineString","properties":{"LEFT_FID":139,"RIGHT_FID":134},"arcs":[319]},{"type":"LineString","properties":{"LEFT_FID":136,"RIGHT_FID":40},"arcs":[320]},{"type":"LineString","properties":{"LEFT_FID":162,"RIGHT_FID":135},"arcs":[321]},{"type":"LineString","properties":{"LEFT_FID":138,"RIGHT_FID":134},"arcs":[322]},{"type":"LineString","properties":{"LEFT_FID":139,"RIGHT_FID":134},"arcs":[323]},{"type":"LineString","properties":{"LEFT_FID":162,"RIGHT_FID":135},"arcs":[324]},{"type":"LineString","properties":{"LEFT_FID":150,"RIGHT_FID":144},"arcs":[325]},{"type":"LineString","properties":{"LEFT_FID":139,"RIGHT_FID":137},"arcs":[326]},{"type":"LineString","properties":{"LEFT_FID":140,"RIGHT_FID":137},"arcs":[327]},{"type":"LineString","properties":{"LEFT_FID":140,"RIGHT_FID":137},"arcs":[328]},{"type":"LineString","properties":{"LEFT_FID":139,"RIGHT_FID":138},"arcs":[329]},{"type":"LineString","properties":{"LEFT_FID":140,"RIGHT_FID":139},"arcs":[330]},{"type":"LineString","properties":{"LEFT_FID":142,"RIGHT_FID":138},"arcs":[331]},{"type":"LineString","properties":{"LEFT_FID":142,"RIGHT_FID":138},"arcs":[332]},{"type":"LineString","properties":{"LEFT_FID":142,"RIGHT_FID":139},"arcs":[333]},{"type":"LineString","properties":{"LEFT_FID":142,"RIGHT_FID":139},"arcs":[334]},{"type":"LineString","properties":{"LEFT_FID":120,"RIGHT_FID":40},"arcs":[335]},{"type":"LineString","properties":{"LEFT_FID":155,"RIGHT_FID":140},"arcs":[336]},{"type":"LineString","properties":{"LEFT_FID":162,"RIGHT_FID":141},"arcs":[337]},{"type":"LineString","properties":{"LEFT_FID":162,"RIGHT_FID":141},"arcs":[338]},{"type":"LineString","properties":{"LEFT_FID":142,"RIGHT_FID":140},"arcs":[339]},{"type":"LineString","properties":{"LEFT_FID":146,"RIGHT_FID":142},"arcs":[340]},{"type":"LineString","properties":{"LEFT_FID":143,"RIGHT_FID":142},"arcs":[341]},{"type":"LineString","properties":{"LEFT_FID":146,"RIGHT_FID":142},"arcs":[342]},{"type":"LineString","properties":{"LEFT_FID":148,"RIGHT_FID":143},"arcs":[343]},{"type":"LineString","properties":{"LEFT_FID":146,"RIGHT_FID":143},"arcs":[344]},{"type":"LineString","properties":{"LEFT_FID":145,"RIGHT_FID":120},"arcs":[345]},{"type":"LineString","properties":{"LEFT_FID":150,"RIGHT_FID":144},"arcs":[346]},{"type":"LineString","properties":{"LEFT_FID":148,"RIGHT_FID":120},"arcs":[347]},{"type":"LineString","properties":{"LEFT_FID":148,"RIGHT_FID":145},"arcs":[348]},{"type":"LineString","properties":{"LEFT_FID":150,"RIGHT_FID":144},"arcs":[349]},{"type":"LineString","properties":{"LEFT_FID":147,"RIGHT_FID":140},"arcs":[350]},{"type":"LineString","properties":{"LEFT_FID":159,"RIGHT_FID":145},"arcs":[351]},{"type":"LineString","properties":{"LEFT_FID":146,"RIGHT_FID":140},"arcs":[352]},{"type":"LineString","properties":{"LEFT_FID":155,"RIGHT_FID":140},"arcs":[353]},{"type":"LineString","properties":{"LEFT_FID":155,"RIGHT_FID":140},"arcs":[354]},{"type":"LineString","properties":{"LEFT_FID":145,"RIGHT_FID":40},"arcs":[355]},{"type":"LineString","properties":{"LEFT_FID":159,"RIGHT_FID":145},"arcs":[356]},{"type":"LineString","properties":{"LEFT_FID":148,"RIGHT_FID":146},"arcs":[357]},{"type":"LineString","properties":{"LEFT_FID":151,"RIGHT_FID":146},"arcs":[358]},{"type":"LineString","properties":{"LEFT_FID":155,"RIGHT_FID":146},"arcs":[359]},{"type":"LineString","properties":{"LEFT_FID":155,"RIGHT_FID":147},"arcs":[360]},{"type":"LineString","properties":{"LEFT_FID":155,"RIGHT_FID":147},"arcs":[361]},{"type":"LineString","properties":{"LEFT_FID":151,"RIGHT_FID":148},"arcs":[362]},{"type":"LineString","properties":{"LEFT_FID":152,"RIGHT_FID":148},"arcs":[363]},{"type":"LineString","properties":{"LEFT_FID":159,"RIGHT_FID":148},"arcs":[364]},{"type":"LineString","properties":{"LEFT_FID":162,"RIGHT_FID":149},"arcs":[365]},{"type":"LineString","properties":{"LEFT_FID":157,"RIGHT_FID":149},"arcs":[366]},{"type":"LineString","properties":{"LEFT_FID":152,"RIGHT_FID":148},"arcs":[367]},{"type":"LineString","properties":{"LEFT_FID":155,"RIGHT_FID":151},"arcs":[368]},{"type":"LineString","properties":{"LEFT_FID":150,"RIGHT_FID":144},"arcs":[369]},{"type":"LineString","properties":{"LEFT_FID":150,"RIGHT_FID":144},"arcs":[370]},{"type":"LineString","properties":{"LEFT_FID":161,"RIGHT_FID":151},"arcs":[371]},{"type":"LineString","properties":{"LEFT_FID":152,"RIGHT_FID":151},"arcs":[372]},{"type":"LineString","properties":{"LEFT_FID":161,"RIGHT_FID":151},"arcs":[373]},{"type":"LineString","properties":{"LEFT_FID":154,"RIGHT_FID":149},"arcs":[374]},{"type":"LineString","properties":{"LEFT_FID":159,"RIGHT_FID":40},"arcs":[375]},{"type":"LineString","properties":{"LEFT_FID":161,"RIGHT_FID":152},"arcs":[376]},{"type":"LineString","properties":{"LEFT_FID":159,"RIGHT_FID":153},"arcs":[377]},{"type":"LineString","properties":{"LEFT_FID":159,"RIGHT_FID":152},"arcs":[378]},{"type":"LineString","properties":{"LEFT_FID":153,"RIGHT_FID":40},"arcs":[379]},{"type":"LineString","properties":{"LEFT_FID":161,"RIGHT_FID":155},"arcs":[380]},{"type":"LineString","properties":{"LEFT_FID":159,"RIGHT_FID":152},"arcs":[381]},{"type":"LineString","properties":{"LEFT_FID":156,"RIGHT_FID":153},"arcs":[382]},{"type":"LineString","properties":{"LEFT_FID":156,"RIGHT_FID":153},"arcs":[383]},{"type":"LineString","properties":{"LEFT_FID":157,"RIGHT_FID":154},"arcs":[384]},{"type":"LineString","properties":{"LEFT_FID":157,"RIGHT_FID":154},"arcs":[385]},{"type":"LineString","properties":{"LEFT_FID":164,"RIGHT_FID":155},"arcs":[386]},{"type":"LineString","properties":{"LEFT_FID":157,"RIGHT_FID":155},"arcs":[387]},{"type":"LineString","properties":{"LEFT_FID":157,"RIGHT_FID":155},"arcs":[388]},{"type":"LineString","properties":{"LEFT_FID":157,"RIGHT_FID":149},"arcs":[389]},{"type":"LineString","properties":{"LEFT_FID":157,"RIGHT_FID":149},"arcs":[390]},{"type":"LineString","properties":{"LEFT_FID":159,"RIGHT_FID":156},"arcs":[391]},{"type":"LineString","properties":{"LEFT_FID":164,"RIGHT_FID":161},"arcs":[392]},{"type":"LineString","properties":{"LEFT_FID":161,"RIGHT_FID":159},"arcs":[393]},{"type":"LineString","properties":{"LEFT_FID":161,"RIGHT_FID":157},"arcs":[394]},{"type":"LineString","properties":{"LEFT_FID":165,"RIGHT_FID":161},"arcs":[395]},{"type":"LineString","properties":{"LEFT_FID":162,"RIGHT_FID":157},"arcs":[396]},{"type":"LineString","properties":{"LEFT_FID":160,"RIGHT_FID":158},"arcs":[397]},{"type":"LineString","properties":{"LEFT_FID":161,"RIGHT_FID":157},"arcs":[398]},{"type":"LineString","properties":{"LEFT_FID":160,"RIGHT_FID":158},"arcs":[399]},{"type":"LineString","properties":{"LEFT_FID":163,"RIGHT_FID":159},"arcs":[400]},{"type":"LineString","properties":{"LEFT_FID":163,"RIGHT_FID":159},"arcs":[401]},{"type":"LineString","properties":{"LEFT_FID":162,"RIGHT_FID":157},"arcs":[402]},{"type":"LineString","properties":{"LEFT_FID":165,"RIGHT_FID":157},"arcs":[403]},{"type":"LineString","properties":{"LEFT_FID":165,"RIGHT_FID":164},"arcs":[404]},{"type":"LineString","properties":{"LEFT_FID":164,"RIGHT_FID":157},"arcs":[405]},{"type":"LineString","properties":{"LEFT_FID":166,"RIGHT_FID":164},"arcs":[406]},{"type":"LineString","properties":{"LEFT_FID":164,"RIGHT_FID":157},"arcs":[407]},{"type":"LineString","properties":{"LEFT_FID":166,"RIGHT_FID":165},"arcs":[408]},{"type":"LineString","properties":{"LEFT_FID":166,"RIGHT_FID":165},"arcs":[409]},{"type":"LineString","properties":{"LEFT_FID":166,"RIGHT_FID":157},"arcs":[410]},{"type":"LineString","properties":{"LEFT_FID":167,"RIGHT_FID":166},"arcs":[411]},{"type":"LineString","properties":{"LEFT_FID":167,"RIGHT_FID":166},"arcs":[412]},{"type":"LineString","properties":{"LEFT_FID":167,"RIGHT_FID":157},"arcs":[413]},{"type":"LineString","properties":{"LEFT_FID":170,"RIGHT_FID":157},"arcs":[414]},{"type":"LineString","properties":{"LEFT_FID":170,"RIGHT_FID":169},"arcs":[415]},{"type":"LineString","properties":{"LEFT_FID":171,"RIGHT_FID":169},"arcs":[416]},{"type":"LineString","properties":{"LEFT_FID":171,"RIGHT_FID":169},"arcs":[417]},{"type":"LineString","properties":{"LEFT_FID":171,"RIGHT_FID":157},"arcs":[418]},{"type":"LineString","properties":{"LEFT_FID":150,"RIGHT_FID":144},"arcs":[419]},{"type":"LineString","properties":{"LEFT_FID":171,"RIGHT_FID":170},"arcs":[420]},{"type":"LineString","properties":{"LEFT_FID":171,"RIGHT_FID":170},"arcs":[421]}]}},"arcs":[[[25837,1043],[4,-312],[20,-95],[37,-113],[35,-50],[124,-78],[52,-55],[58,-43],[31,-10],[121,-8],[93,-55],[73,-19],[82,-46],[53,-53],[74,-106]],[[25791,2113],[-2,-151],[-14,-137],[7,-160],[-4,-104],[41,-198],[5,-199],[13,-121]],[[31307,17606],[-72,199],[-28,250],[-36,142],[-55,153],[-83,151],[-234,345],[-60,71],[-91,143],[-70,83],[-89,134],[-142,133],[-99,73],[-137,145],[-85,126],[-112,214]],[[29849,20057],[-90,-117],[-30,-58],[-61,-176],[-54,-251],[-40,-659],[-21,-158],[-10,-206],[-58,-466],[0,-837],[27,-230],[7,-242],[13,-99]],[[29914,19968],[-65,89]],[[60073,20824],[144,-229],[46,-145],[8,-66],[-5,-68],[-22,-79],[-69,-149],[-185,-264],[-75,-75],[-75,4],[-60,58],[-37,125],[-27,229],[13,179],[47,178],[97,207],[68,89]],[[59941,20818],[73,40],[59,-34]],[[61091,22231],[8,-64],[28,-103],[24,-47],[47,-55],[93,-65],[197,-63]],[[61039,23224],[43,-161],[15,-202],[39,-180],[7,-233],[-22,-116],[-30,-101]],[[61091,22231],[-65,23],[-90,10],[-31,22],[-101,179],[-19,59],[-9,52],[-1,290],[21,157],[29,67],[73,106],[82,146]],[[60980,23342],[59,-118]],[[29849,20057],[109,370],[154,242],[135,263],[443,736],[192,379],[60,162],[50,100],[40,125],[78,314],[37,358],[-1,209],[-27,131],[-29,66],[-60,74],[-119,99]],[[55813,21664],[139,-25],[131,21],[49,-25],[39,-99],[78,-347],[59,-145],[67,-115],[99,-84],[121,-54],[276,-3],[48,14],[57,43],[70,89],[29,93],[25,135],[11,94],[1,124],[-27,246],[-9,239],[-54,477],[-9,375],[-57,636],[-11,512],[11,174],[18,76],[60,108],[63,63]],[[60949,25985],[154,-552],[46,-232],[8,-143],[-6,-169],[-37,-186],[-51,-144],[-107,-221],[-65,-200],[-33,-161],[0,-71],[15,-105],[107,-459]],[[25989,26088],[50,-10],[110,44],[133,7]],[[26282,26129],[28,-258],[19,-426],[1,-392],[-19,-172],[-33,-105],[-50,-92],[-65,-66],[-156,-113],[-59,-76],[-62,-112],[-42,-117],[-51,-396],[4,-315],[71,-396],[38,-290],[101,-520],[31,-226],[-1,-106],[-46,-198],[-102,-289],[-94,-462],[-168,-511],[-117,-605],[-66,-485],[-13,-445],[24,-424],[-12,-237],[3,-385],[-8,-167],[-31,-279],[-82,-406],[-140,-407],[-97,-328],[-69,-289],[-19,-123],[-17,-242],[5,-151],[206,-803],[24,-249],[3,-201],[-20,-244],[-98,-449],[-133,-418],[-126,-313],[-75,-243],[-21,-147],[38,-403],[33,-217],[5,-112],[-4,-180],[-42,-442],[1,-537],[20,-124],[129,-514],[23,-179],[-3,-124],[-19,-150],[-98,-347],[-20,-144],[5,-98],[64,-405],[13,-254],[36,-199],[-11,-353],[-9,-83],[-52,-196],[-54,-276],[-117,-355],[-46,-280],[-5,-435],[58,-495],[1,-327],[-32,-181],[-73,-237],[-129,-497],[-32,-193],[1,-167],[16,-197],[37,-164],[150,-360],[160,-341],[67,-209],[37,-79],[98,-105],[94,-55],[135,-30],[193,-4],[58,-46]],[[60362,26159],[89,-152],[89,-77],[43,-6],[83,48],[53,13],[230,0]],[[57097,24286],[62,-87],[57,-120],[158,-581],[35,-214],[35,-528],[37,-196],[38,-95],[40,-54],[74,-33],[58,14],[82,88],[128,223],[79,158],[161,412],[52,88],[57,62],[142,89],[89,24],[153,-33],[191,-98],[114,-7],[69,31],[117,148],[57,103],[134,363],[146,310],[151,387],[47,182],[78,441],[91,308],[82,158],[71,99],[285,288]],[[60267,26216],[95,-57]],[[30911,23685],[13,486],[-21,712],[-36,114],[-67,93],[-91,56],[-143,45],[-40,38],[-26,52],[-29,130],[-18,168],[-16,249],[-2,317],[-19,106],[-23,61],[-60,83],[-63,43],[-72,33],[-126,27],[-170,-45],[-333,-30],[-52,20]],[[27931,26651],[76,-218],[172,-357],[209,-486],[268,-523],[194,-293],[110,-250],[82,-87],[218,-132],[149,-110],[163,-162],[86,-62],[25,-86],[8,-107],[-4,-154],[-17,-136],[-45,-212],[-38,-129],[-63,-154],[-128,-378],[-20,-161],[13,-223],[252,-81],[161,4],[351,206],[194,87],[228,193],[101,114],[53,109],[68,271],[73,403],[41,148]],[[26282,26129],[58,136],[60,97],[61,59],[65,18],[65,-33],[179,-175],[164,-205],[60,-36],[50,1],[45,28],[47,57],[167,384],[58,96],[58,62],[125,55]],[[27544,26673],[214,-47],[173,25]],[[29517,26443],[-25,39],[-20,105],[-4,280],[70,620],[55,312],[0,143],[-30,249]],[[27931,26651],[-16,314],[18,310],[84,474],[124,378],[123,176],[81,82],[116,99],[75,46],[148,37],[78,-1],[292,-65],[95,-57],[109,-101],[165,-112],[74,-32],[66,-8]],[[59062,29360],[38,-320],[33,-95],[71,-85],[231,-198],[91,-116],[30,-63],[38,-122],[77,-435],[50,-177],[94,-426],[84,-198],[233,-372],[65,-126],[38,-142],[32,-269]],[[25347,29770],[-238,-556]],[[25347,29770],[150,-198],[99,-175],[119,-318],[22,-104],[8,-127],[-5,-194],[-31,-209],[-55,-252],[-12,-237],[-23,-191],[-3,-246],[22,-255],[145,-858],[31,-91],[40,-70],[88,-123],[47,-34]],[[58569,29907],[231,-227],[128,-172],[134,-148]],[[57097,24286],[16,405],[-5,314],[-66,438],[-17,189],[-45,262],[-99,355],[-25,126],[3,233],[18,113],[66,194],[79,148],[359,408],[51,95],[36,117],[23,126],[14,167],[-27,400],[4,501],[13,101],[35,110],[384,429],[202,162],[262,105],[130,162]],[[58508,29946],[61,-39]],[[58286,30386],[130,-120],[32,-46],[36,-114],[24,-160]],[[60596,30568],[83,-32],[137,49],[203,41],[134,-1],[127,25],[76,-24],[69,-66],[74,-141],[78,-242],[33,-169],[6,-222],[-7,-334],[-17,-175],[-111,-730],[-35,-177],[-31,-242],[-19,-295],[9,-239],[-16,-128],[-167,-827],[-72,-221],[-118,-229],[-83,-204]],[[59062,29360],[77,27],[98,-23],[51,2],[95,33],[67,42],[182,38],[45,24],[73,77],[148,245],[94,196],[171,243],[122,201],[58,63],[178,123]],[[60521,30651],[75,-83]],[[54257,31138],[323,-208],[279,-147],[159,-114],[96,-84],[116,-152],[130,-54],[91,-98],[56,-37],[232,-88],[243,-9],[152,-33],[120,-49],[296,0],[168,29],[143,-9],[186,-122],[118,-152],[71,-137],[85,-48],[59,1],[140,46],[74,83],[56,91],[77,78],[64,36],[181,147],[153,82],[161,196]],[[54212,31151],[45,-13]],[[60521,30651],[30,109],[28,189],[9,326],[51,489],[50,168],[70,129],[81,83],[80,57],[310,124],[92,1],[137,-53],[61,4],[80,28],[91,68],[114,165]],[[61805,32538],[87,-84],[61,-84],[64,-138],[33,-114],[5,-152],[-39,-224],[-20,-326],[15,-156],[39,-160],[85,-149],[106,-136],[111,-117],[79,-60],[89,-12],[85,56],[70,111],[62,174],[18,181],[-14,247],[-2,451],[-15,160]],[[25680,34851],[27,-264],[19,-339],[2,-511],[14,-380],[10,-845],[-24,-165],[-20,-73],[-122,-210],[-31,-74],[-32,-215],[6,-146],[67,-325],[19,-280],[5,-271],[-37,-131],[-107,-170],[-60,-157],[-48,-244],[-21,-281]],[[58286,30386],[1,426],[12,238],[-8,114],[-60,201],[-129,223],[-46,109],[-61,237],[-51,314],[-23,335],[5,691],[17,206],[21,107],[49,132],[69,108],[59,39],[66,14],[213,-37],[73,4],[112,69],[54,82],[18,85],[4,93],[-34,682],[-21,225],[8,124]],[[62417,34816],[496,-35],[240,-103],[174,-34],[107,13],[115,72],[156,161],[246,379],[136,176]],[[61665,36411],[82,-21],[67,-43],[115,-50],[62,-73],[67,-123]],[[61805,32538],[-153,349],[-32,149],[16,237],[143,644],[25,267],[-21,187],[-96,355],[-87,264],[-30,124],[-15,120],[8,289],[-6,224],[37,322],[21,389]],[[61615,36458],[50,-47]],[[29563,28191],[43,149],[18,130],[-12,382],[47,443],[-2,173],[-14,156],[-183,277],[-80,164],[-19,82],[-29,245],[-14,282],[-27,97],[-65,127],[-55,72],[-123,77],[-232,51],[-75,34],[-96,112],[-47,112],[-10,89],[36,291],[13,284],[-43,253],[-28,710],[-1,352],[-10,82],[-18,48],[-148,190],[-166,168],[-152,124],[-377,226],[-227,215],[-147,77],[-86,93],[-45,86],[-19,99],[-13,414],[6,205],[-36,288],[-10,329],[-19,115],[-56,201],[-72,172],[-41,40]],[[26929,36507],[-53,9],[-48,-24],[-62,-58],[-82,-127],[-177,-216],[-83,-143],[-199,-256],[-121,-228],[-127,-314],[-52,-97],[-245,-202]],[[61028,36876],[319,-259],[179,-88],[89,-71]],[[94062,36876],[92,-398],[130,-288]],[[58634,35207],[97,-5],[105,-43],[140,-224],[217,-308],[196,-199],[99,-65],[141,-131],[286,-226],[54,-92],[248,-629],[84,-142],[61,-39],[64,-9],[64,8],[61,37],[61,104],[18,133],[-69,666],[-46,298],[-59,251],[-43,102],[-43,64],[-150,155],[-58,92],[-21,101],[-2,216],[23,268],[81,458],[-3,289],[10,269],[24,176],[55,142],[51,66],[174,116],[109,39]],[[55256,39344],[168,9],[232,-63],[139,-95],[59,-94],[35,-96],[41,-293],[23,-244],[41,-159],[29,-45],[46,-35],[298,-152],[78,2],[108,68],[66,128],[105,286],[44,84],[77,77],[159,85],[104,27],[198,3],[96,-21],[150,-85],[123,-118],[115,-186],[57,-163],[23,-133],[1,-616],[-15,-440],[-54,-384],[74,-624],[28,-147],[72,-156],[127,-125],[81,-41],[210,-45],[95,-61],[79,-112],[66,-173]],[[54466,38998],[91,133],[47,34],[97,23],[151,88],[51,43],[108,15],[152,83],[93,-73]],[[24899,40919],[-62,-188],[-55,-96],[-98,-91],[-72,-87],[-134,-106],[-67,-95],[-50,-125],[-24,-119],[-4,-121],[63,-390],[9,-98],[-10,-76],[-58,-179],[-42,-61],[-64,-131],[-44,-65],[-104,-101],[-46,-96],[-66,-222],[-28,-182],[0,-66],[19,-115],[9,-118],[24,-90],[80,-180],[94,-165],[68,-179],[84,-244],[53,-266],[126,-359],[102,-231],[50,-88],[41,-54],[158,-116],[76,-8],[37,13],[127,86],[172,131],[152,11],[63,-24],[118,-165],[18,-42],[22,-96],[11,-131],[-19,-274],[-37,-198],[-2,-92],[46,-238],[45,-141]],[[99927,41695],[-45,-445],[2,-154],[26,-297],[2,-194],[-6,-137],[-40,-328],[-3,-267],[26,-1103],[-7,-402],[25,-329],[23,-571],[69,-527],[-24,-363]],[[60806,41965],[14,-109],[29,-597],[-12,-118],[-18,-73],[-32,-90],[-39,-77],[-55,-66],[-73,-54],[-36,-15]],[[60326,42032],[218,-62],[262,-5]],[[60220,42085],[-31,-71],[-22,-84],[-8,-63],[3,-64],[21,-128],[61,-196],[63,-316],[31,-211],[40,-97]],[[60220,42085],[106,-53]],[[62090,43045],[169,-151],[156,-374],[43,-73],[64,-75],[141,-227],[177,-169],[160,-187],[203,-315],[54,-143],[126,-459],[21,-128],[26,-352],[45,-192],[145,-311],[79,-98],[119,-104]],[[60917,43135],[16,-184],[-4,-334],[-92,-531],[-31,-121]],[[60840,43190],[77,-55]],[[60552,43315],[-41,-102],[-72,-105],[-36,-80],[-112,-358],[-54,-279],[-15,-140],[-2,-166]],[[60552,43315],[288,-125]],[[60917,43135],[59,56],[258,154]],[[23395,43823],[96,-37],[222,-177],[113,-143],[73,-155],[55,-249],[112,-404],[113,-292],[99,-139],[73,-71],[102,-81],[114,-63],[91,-149],[37,-225],[3,-281],[15,-202],[0,-1],[1,-1],[1,-1],[1,-1],[0,-1],[1,-1],[1,-2],[1,-1],[1,-1],[1,-2],[1,-1],[1,-2],[1,-1],[1,-2],[1,-1],[1,-2],[1,-2],[2,-1],[1,-2],[1,-2],[1,-2],[2,-1],[1,-2],[1,-2],[2,-2],[1,-2],[1,-2],[2,-2],[1,-2],[2,-2],[1,-2],[2,-2],[1,-2],[2,-2],[1,-3],[2,-2],[1,-2],[2,-2],[1,-2],[2,-3],[2,-2],[1,-2],[2,-2],[1,-2],[2,-2],[1,-2],[2,-3],[1,-2],[2,-2],[1,-2],[2,-2],[1,-1],[2,-2],[1,-2],[1,-2],[1,-2],[2,-1],[1,-2],[1,-1],[1,-2],[1,-1],[1,-2],[1,-1],[1,-1],[2,-2],[1,-2],[2,-3],[2,-3],[2,-2],[2,-2],[7,-10],[3,-3],[2,-4],[3,-3],[1,-2],[1,-2],[2,-1],[1,-2],[1,-1],[1,-2],[1,-1],[1,-2],[2,-2],[1,-1],[1,-2],[2,-2],[1,-1],[1,-2],[2,-2],[1,-1],[1,-2],[1,-1],[1,-2],[2,-1],[1,-2],[1,-1],[1,-2],[1,-1],[1,-2],[2,-1],[1,-2],[1,-1],[1,-2],[1,-1],[2,-2],[1,-1],[0,-1],[1,0],[0,-1],[1,-1],[1,0],[0,-1],[1,0],[0,-1],[1,-1],[1,-1],[0,-1],[1,0],[0,-1],[1,0],[1,-1],[0,-1],[1,0],[0,-1],[1,0],[0,-1],[1,0],[0,-1],[1,-1],[1,-1],[1,-1],[1,-1],[0,-1],[1,0],[0,-1],[1,0],[0,-1],[1,0],[0,-1],[1,0],[0,-1],[1,0],[1,-1],[0,-1],[1,0],[0,-1],[1,0],[0,-1],[1,0],[0,-1],[1,0],[1,-1],[1,-1],[1,0],[0,-1],[1,0],[0,-1],[1,0],[0,-1],[1,0],[1,-1],[1,-1],[1,-1],[1,0],[1,-1],[1,-1],[1,0],[1,-1],[1,0],[0,-1]],[[21495,40586],[145,-37],[68,-71],[138,-361],[64,-249],[100,-191],[47,-37],[36,-5],[37,26],[32,53],[68,199],[22,127],[25,342],[35,267],[-12,314],[24,288],[21,140],[15,237],[23,68],[39,71],[112,119],[57,38],[175,48],[97,54],[87,71],[46,83],[29,130],[33,260],[35,343],[7,377],[75,536]],[[23175,43826],[220,-3]],[[22092,45091],[98,-233],[186,-343],[129,-108],[134,-147],[240,-106],[119,-71],[96,-116],[81,-141]],[[22018,45206],[74,-115]],[[24899,40919],[1,0],[0,-1],[1,0],[1,0],[0,-1],[1,0],[1,-1],[1,0],[1,-1],[1,0],[1,0],[0,-1],[1,0],[1,0],[0,-1],[1,0],[1,-1],[1,0],[1,0],[1,-1],[1,0],[1,0],[0,-1],[1,0],[1,0],[0,-1],[1,0],[1,0],[1,0],[1,-1],[1,0],[1,0],[1,-1],[1,0],[1,0],[1,0],[0,-1],[1,0],[1,0],[1,0],[1,-1],[1,0],[1,0],[1,0],[0,-1],[1,0],[1,0],[1,0],[1,0],[1,-1],[1,0],[2,0],[1,0],[1,-1],[2,0],[1,0],[1,0],[2,-1],[1,0],[1,0],[2,0],[5,-1],[2,-1],[3,0],[1,0],[1,-1],[1,0],[1,0],[1,0],[1,0],[1,-1],[1,0],[1,0],[1,0],[1,-1],[1,0],[1,0],[1,0],[1,-1],[2,0],[1,0],[1,0],[1,-1],[1,0],[1,0],[1,0],[1,-1],[1,0],[1,0],[1,-1],[1,0],[1,0],[1,0],[0,-1],[1,0],[1,0],[1,0],[1,0],[0,-1],[1,0],[1,0],[1,0],[1,0],[1,0],[0,-1],[1,0],[1,0],[1,0],[1,0],[1,0],[1,-1],[1,0],[1,0],[1,0],[1,0],[1,0],[1,0],[1,0],[1,0],[1,-1],[1,0],[1,0],[1,0],[1,0],[1,0],[1,0],[1,0],[1,0],[1,0],[1,0],[1,0],[1,0],[1,0],[1,0],[1,0],[1,0],[1,0],[1,0],[1,0],[1,0],[1,0],[1,0],[1,0],[1,0],[1,0],[1,0],[1,0],[1,0],[1,0],[1,1],[1,0],[1,0],[1,0],[1,0],[1,0],[1,0],[2,0],[1,0],[2,0],[1,1],[2,0],[2,0],[1,0],[2,0],[2,1],[2,0],[2,0],[2,0],[4,1],[2,0],[2,0],[2,1],[1,0],[1,0],[1,0],[1,0],[1,0],[1,1],[1,0],[1,0],[1,0],[1,0],[1,0],[1,1],[1,0],[1,0],[1,0],[1,0],[1,1],[1,0],[1,0],[1,0],[1,0],[1,1],[1,0],[1,0],[1,1],[1,0],[1,0],[1,0],[1,1],[1,0],[1,0],[1,1],[1,0],[1,0],[1,1],[1,0],[1,0],[0,1],[1,0],[1,0],[0,1],[1,0],[1,0],[1,1],[1,0],[1,1],[1,0],[1,1],[1,0],[1,1],[1,0],[1,1],[1,0],[0,1],[1,0],[1,0],[0,1],[1,0],[1,1],[1,0],[0,1],[1,0],[1,1],[1,0],[0,1],[1,0],[0,1],[1,0],[1,1],[1,0],[0,1],[1,0],[0,1],[1,0],[1,1],[1,1],[1,0],[0,1],[1,0],[1,1],[1,1],[1,1],[1,1],[1,0],[0,1],[1,0],[1,1],[1,1],[1,1],[1,0],[0,1],[1,0],[0,1],[1,0],[0,1],[1,0],[0,1],[1,0],[1,1],[1,1],[0,1],[1,0],[0,1],[1,0],[1,1],[1,2],[1,0],[1,1],[2,1],[1,1],[1,1],[1,2],[1,1],[1,1],[1,1],[1,1],[1,1],[1,1],[3,3],[6,5],[1,2],[2,2],[2,1],[1,2],[2,1],[1,2],[1,1],[1,0],[0,1],[1,1],[1,1],[1,0],[0,1],[1,1],[1,0],[0,1],[1,1],[1,0],[0,1],[1,1],[1,0],[0,1],[1,1],[1,1],[1,1],[1,1],[1,1],[0,1],[1,0],[0,1],[1,1],[1,0],[0,1],[1,0],[0,1],[1,1],[1,1],[1,1],[0,1],[1,0],[0,1],[1,1],[1,1],[1,1],[0,1],[1,0],[0,1],[1,1],[0,1],[1,0],[0,1],[1,0],[0,1],[1,1],[0,1],[1,1],[1,1],[1,1],[0,1],[1,1],[0,1],[1,0],[0,1],[1,1],[0,1],[1,1],[0,1],[1,0],[0,1],[0,1],[1,0],[0,1],[1,1],[0,1],[1,1],[0,1],[1,1],[0,1],[1,1],[0,1],[1,1],[0,1],[1,1],[0,1],[0,1],[1,1],[0,1],[1,1],[0,1],[0,1],[1,0],[0,1],[0,1],[1,1],[0,1],[0,1],[1,1],[0,1],[0,1],[1,0],[0,1],[0,1],[0,1],[1,1],[0,1],[0,1],[30,158],[81,281],[13,169],[37,265],[19,343],[1,414],[-19,221],[-19,108],[-64,239],[-113,311],[-31,159],[-6,101],[16,134],[46,171],[52,125],[89,146],[27,87],[4,128],[-43,438],[8,140],[47,147],[46,61],[47,34],[56,12],[98,-23],[79,3],[248,65],[114,77]],[[54545,45626],[-5,-212],[-40,-332],[8,-99],[42,-155],[46,-109],[47,-69],[315,-291],[130,-244],[51,-184],[36,-227],[13,-412],[-47,-457],[-47,-256],[-43,-413],[-32,-125],[-42,-92],[-63,-72],[-187,-128],[-229,0],[-77,-37],[-54,-52],[-88,-177],[-164,-505],[-80,-112],[-108,-71]],[[53134,44846],[197,-2],[163,-54],[252,-7],[112,-23],[87,33],[43,78],[45,219],[68,746]],[[54236,45850],[189,-94],[120,-130]],[[54101,45836],[66,26],[69,-12]],[[30055,45476],[207,141],[303,40],[71,28],[93,92],[87,149]],[[30816,45926],[187,-132],[233,-240],[78,-20],[83,29]],[[53957,45949],[81,-38],[63,-75]],[[54545,45626],[92,30],[103,-34],[285,-236],[182,-103],[202,-150],[85,-10],[67,60],[19,55],[11,79],[-1,356],[-31,343]],[[53182,46076],[775,-127]],[[31397,45563],[89,89],[93,189],[78,192],[125,388],[96,195]],[[54164,39717],[34,48],[33,12],[159,-2],[85,-29],[87,5],[49,43],[42,24],[42,43],[48,29],[47,15],[43,39],[52,21],[43,40],[18,9],[135,4],[74,21],[22,-5],[81,-48],[163,345],[155,390],[30,125],[16,147],[2,254],[-37,508],[6,394],[23,170],[91,332],[122,349],[65,129],[97,140],[148,133],[157,170],[88,164],[-72,276],[-28,390],[-37,310],[10,276],[-16,302],[1,267],[37,424],[53,360],[4,305]],[[64262,46646],[38,-135],[20,-109],[6,-120],[-3,-162],[-20,-129],[-98,-370],[-14,-199],[-31,-271],[-39,-197],[-19,-233],[4,-121],[14,-93],[74,-345],[32,-360],[17,-320],[1,-163],[-13,-201],[-2,-406],[-13,-216],[13,-237],[2,-586],[15,-128]],[[56208,46728],[128,-82]],[[55559,46016],[150,430],[61,119],[57,72],[147,87],[102,15],[132,-11]],[[62126,46919],[51,-159],[51,-238],[129,-740],[17,-142],[2,-151],[-21,-249],[-101,-677],[-104,-313],[-88,-159],[-51,-115]],[[60838,47006],[-40,-185],[-4,-121],[98,-867],[35,-181],[3,-151],[-17,-141],[-24,-106],[-94,-240],[-95,-201],[-60,-213],[-53,-461],[-6,-326],[-27,-235],[-2,-263]],[[88847,44756],[304,-437],[108,-126],[64,-38],[47,17],[47,53],[234,440],[86,88],[94,-25],[174,-148],[158,-96],[78,-21],[63,28],[49,70],[31,92],[168,718],[384,1342],[180,222],[159,121],[157,67],[141,-27]],[[60838,47006],[238,60],[120,-150],[152,-118],[74,11],[222,146],[212,185],[107,39],[95,7]],[[62058,47186],[68,-267]],[[60424,47626],[205,-261],[96,-147],[113,-212]],[[28725,47799],[53,-188],[147,-429],[47,-180],[79,-384],[2,-185],[-37,-311],[-33,-180],[-81,-320],[-67,-404],[2,-112],[14,-80],[33,-96],[53,-104],[48,-74],[57,-50],[96,-55],[121,-38],[133,1],[268,79],[110,107],[177,329],[42,103],[66,248]],[[62832,47921],[76,-73],[83,-184],[145,-480],[144,-200],[72,-76],[147,-76],[237,-77],[180,-125],[92,-38],[113,-2],[141,56]],[[26124,45566],[83,-167],[148,-382],[110,-180],[137,-190],[180,-170],[148,-46],[86,0],[172,72],[137,26],[134,111],[86,134],[71,182],[79,439],[9,168],[-14,155],[-27,120],[-181,466],[-196,706],[-18,152],[25,154],[69,101],[48,30],[62,11],[63,-9],[160,-72],[215,-67],[163,-5],[91,27],[113,73],[52,59],[100,183],[117,249],[82,99]],[[28628,47995],[97,-196]],[[62058,47186],[54,130],[83,157],[174,216],[197,336]],[[62566,48025],[266,-104]],[[30816,45926],[15,412],[-22,243],[-121,619],[-70,280],[-71,230],[-32,186],[-3,187],[14,142],[99,249]],[[56336,46646],[91,273],[77,461],[125,490],[90,207],[48,58],[87,68],[49,26],[58,6],[109,-44],[109,-92],[255,-156],[221,-264],[167,-119],[131,-42],[196,-2],[46,13],[84,54],[130,127],[181,251],[195,311],[90,100],[86,41],[279,7],[139,54]],[[59379,48474],[88,-147],[79,-76],[149,-113],[94,-97],[92,-147],[56,-67],[57,-35],[87,-16],[247,-90],[96,-60]],[[30055,45476],[-123,244],[-94,331],[-63,330],[-46,301],[-25,272],[-73,408],[-3,135],[18,200],[104,512],[16,148],[3,207]],[[85613,48175],[174,1],[93,39],[210,252],[252,247]],[[64262,46646],[97,434],[83,238],[33,57],[248,255],[149,79],[57,15],[84,-3],[233,-52],[238,34],[239,158],[200,109],[64,58],[109,225],[126,182],[254,551],[30,122],[40,392],[70,298],[59,193],[12,158]],[[55559,46016],[-99,6],[-54,46],[-56,114],[-43,185],[-108,756],[-25,305],[2,246],[-33,594],[-24,232],[-1,128],[64,562],[27,167],[33,116],[49,79],[251,214],[78,93],[61,144],[37,176]],[[46873,50418],[104,-514],[56,-596],[25,-158],[51,-136],[210,-391],[140,-538]],[[59379,48474],[-21,265],[-48,209],[-140,324],[-64,180],[-62,214],[-75,159],[-57,156],[-65,125],[-105,135],[-113,109],[-74,128]],[[46527,50491],[346,-73]],[[45938,48983],[101,217],[113,584],[109,420],[120,363]],[[46381,50567],[146,-76]],[[28628,47995],[17,258],[-14,223],[-32,132],[-205,556],[-22,94],[-4,91],[38,115],[111,167],[146,323],[38,111],[48,298],[28,408],[41,214]],[[23080,51134],[-50,-236],[-39,-90],[-56,-51],[-90,-23],[-87,-48],[-47,-40],[-33,-47],[-52,-156],[-45,-272],[-56,-201]],[[20877,50507],[-29,169],[-5,244],[-18,224],[-36,145],[-33,177],[-6,205]],[[61868,51701],[-49,-169],[-47,-260],[-152,-411],[-35,-238],[4,-171],[36,-93],[235,-269],[377,-582],[151,-305],[52,-200],[50,-502],[64,-344],[12,-132]],[[48838,51730],[59,-117],[31,-96],[95,-417],[49,-351],[18,-527],[-41,-428],[-18,-323],[-18,-869],[22,-302],[81,-550],[24,-354]],[[46024,51787],[97,-168],[46,-172],[80,-426],[77,-232],[57,-222]],[[61837,51805],[31,-104]],[[45018,50687],[181,436],[58,94],[81,93],[211,373],[89,100],[85,68],[142,46],[159,-110]],[[47887,52147],[193,-196],[297,-214],[244,-83],[125,26],[92,50]],[[47393,52277],[117,8],[84,-24],[184,-129],[109,15]],[[46873,50418],[58,214],[59,429],[29,339],[84,494],[62,248],[72,184]],[[47237,52326],[156,-49]],[[50399,52421],[73,-207],[63,-132],[39,-103],[97,-343],[19,-104],[40,-364],[56,-311],[18,-251],[0,-496],[-14,-230],[12,-230],[-107,-736],[-2,-216],[16,-164]],[[66687,50149],[-114,137],[-181,138],[-178,65],[-174,120],[-181,211],[-137,117],[-148,182],[-274,210],[-62,64],[-51,104],[-83,317],[-16,140],[-4,365],[-14,156]],[[49980,52743],[56,-303],[20,-309],[3,-1035],[30,-447],[6,-415],[65,-507],[35,-181],[30,-258],[51,-239],[33,-240],[35,-395]],[[48838,51730],[-14,281],[15,145],[52,147],[83,94],[342,245],[318,147],[126,9],[220,-55]],[[65070,52475],[36,24],[66,84],[136,249]],[[49980,52743],[162,162],[155,16]],[[50297,52921],[102,-500]],[[57874,52921],[108,-280],[70,-151],[32,-120],[-5,-522],[-14,-347],[49,-372],[26,-117],[61,-166],[96,-169],[116,-139],[81,-50],[61,-10]],[[57602,53031],[195,-97],[77,-13]],[[55718,50179],[156,190],[177,286],[129,112],[289,166],[334,409],[121,250],[96,270],[85,517],[77,270],[50,127],[106,193],[76,71],[79,22],[109,-31]],[[67305,53070],[17,-476],[-21,-390],[-62,-392],[-65,-316],[-25,-104],[-52,-128],[-107,-326],[-147,-519],[-85,-193],[-71,-77]],[[19839,53219],[53,-68],[77,-188],[79,-99],[79,-49],[45,-13],[102,3],[96,27]],[[19593,53010],[103,179],[51,46],[46,10],[46,-26]],[[26124,45566],[-34,249],[-72,326],[-3,178],[16,85],[25,73],[162,285],[67,140],[39,169],[6,130],[-20,319],[-37,280],[-90,372],[-61,212],[-77,178],[-31,37],[-38,22],[-67,-11],[-188,-133],[-82,0],[-54,30],[-64,60],[-84,135],[-37,106],[-74,351],[-42,94],[-40,57],[-132,85],[-207,10],[-174,37],[-80,58],[-135,161],[-128,234],[-65,169],[-19,109],[-23,431],[-19,128],[-22,86],[-70,185],[-134,433],[-34,244],[15,249],[36,184],[77,299],[80,237],[78,144],[70,171],[126,237],[54,77]],[[58555,50478],[12,114],[-27,273],[2,188],[17,120],[78,377],[49,177],[97,251],[83,126],[66,65],[60,10],[166,-4],[115,-34],[50,-29],[77,-72],[89,-109],[115,-197],[111,-139],[142,-94],[94,-27],[36,5],[72,53],[306,364],[135,84],[102,-6],[138,27],[80,-11],[60,-52],[85,-178],[92,12],[128,85],[107,96],[44,91],[36,107],[34,157],[45,373],[14,373],[18,88],[52,165],[70,-78],[65,-119],[66,-193],[50,-192],[30,-197],[-2,-111],[14,-254],[-7,-142],[2,-131],[14,-85]],[[51169,53545],[30,-89],[14,-82],[7,-431],[22,-199],[9,-307],[33,-388],[40,-281],[4,-367],[-6,-143],[-31,-240],[-104,-333],[-44,-212],[-18,-142],[-20,-807],[44,-539],[5,-218],[-11,-166],[-38,-157]],[[50786,53653],[147,-68],[236,-40]],[[50297,52921],[90,249],[89,186],[138,337]],[[50614,53693],[172,-40]],[[45208,53723],[-8,-231],[-27,-94],[-49,-100],[-98,-144],[-129,-148],[-117,-83],[-75,-75],[-30,-53],[-96,-239],[-76,-118],[-71,-82]],[[52738,47216],[69,143],[32,114],[48,308],[181,925],[53,364],[40,130],[51,60],[67,42],[309,65],[95,1],[141,-28],[124,4],[56,37],[46,84],[22,94],[10,123],[-32,626],[-58,570],[-3,376],[13,152],[31,107],[53,91],[220,219],[201,242],[162,124],[115,174],[46,97],[77,245],[54,233],[12,111],[-6,283],[-31,209],[-58,271]],[[55289,53891],[57,-441],[8,-315],[-14,-518],[31,-211],[63,-267],[12,-148],[-26,-130],[-54,-105],[-156,-145],[-68,-96],[-29,-90],[1,-100],[22,-100],[34,-78],[295,-464],[189,-355],[64,-149]],[[44146,53902],[341,-5],[235,-32],[160,-48],[159,18],[71,-31],[96,-81]],[[45892,53918],[127,-126],[101,-82],[89,-37],[91,1],[315,136],[165,2],[86,-49],[44,-89],[95,-363],[102,-295],[91,-535],[39,-155]],[[43845,53901],[170,24],[131,-23]],[[65070,52475],[-42,59],[-43,90],[-159,275],[-75,113],[-30,63],[-12,45],[-5,84],[4,83],[57,231],[31,239],[5,263]],[[45208,53723],[444,213],[143,113]],[[45795,54049],[97,-131]],[[54878,53812],[101,96],[75,42],[82,87],[90,72]],[[55226,54109],[63,-218]],[[64801,54020],[30,2],[20,11],[54,87],[38,48]],[[19355,54701],[-35,-93],[-42,-77],[-81,-69],[-191,-235]],[[51969,54788],[85,-38],[80,-88],[150,-234],[175,-205],[87,-65],[75,-21],[102,26],[182,165],[105,66],[308,91],[125,-39],[200,-178],[171,-27],[73,45],[128,172],[78,66],[214,83],[190,27],[85,-66],[114,-218],[47,-130],[63,-253],[72,-155]],[[51169,53545],[78,248],[83,550],[51,216],[58,106],[70,81],[55,38],[106,27],[299,-23]],[[61868,51701],[100,35],[30,36],[23,53],[48,287],[28,298],[52,217],[58,349],[37,135],[62,123],[130,137],[294,429],[41,77],[64,213],[75,190],[64,296],[40,249],[59,172]],[[44643,55234],[253,-2],[32,-12],[38,-32],[33,-38],[31,-54],[43,-108],[27,-143],[-8,-63],[-45,-93],[-64,-108],[-39,-26],[-110,-30],[-67,0],[-76,24],[-107,11],[-187,77],[-112,8],[-79,25],[-103,2],[-42,-6],[-79,-33],[-137,-139]],[[43750,55115],[43,44],[32,13],[190,2],[107,-24],[97,46],[85,-6],[90,36],[141,32],[108,-24]],[[86818,52058],[64,85],[68,64],[208,88],[40,1],[181,111],[104,101],[55,74],[86,185],[32,116],[54,283],[22,65],[31,54],[166,205],[116,213],[38,101],[18,129],[3,291],[13,233],[-14,299],[-2,408],[-24,173]],[[86295,53426],[61,181],[34,189],[-4,102],[-35,188],[-19,175],[-4,216],[22,395],[28,123],[56,144],[64,117],[68,89],[143,107],[67,-12],[295,-142],[82,3],[138,-10]],[[87291,55291],[142,-45],[117,52],[170,132],[287,158]],[[88077,55337],[-70,251]],[[18568,55601],[139,-183],[158,-148],[139,-108],[136,-138],[114,-185],[101,-138]],[[18103,54967],[50,122],[184,329],[64,147],[82,112]],[[18483,55677],[85,-76]],[[63523,55761],[63,-68],[48,-96],[36,-190],[7,-141],[11,-64],[42,-126],[51,-94],[45,-43],[63,-26],[73,22],[155,7],[129,52],[30,-1],[22,-14],[50,-80],[76,-172],[72,-113],[153,-341],[117,-218],[35,-35]],[[63073,54997],[46,-38],[48,-57],[115,-159],[84,-44],[47,-8],[17,12],[22,75],[14,174],[-4,41],[-19,82],[-35,250],[-4,199],[4,106],[15,74],[21,47],[34,18],[45,-8]],[[49948,55824],[56,-339],[84,-362],[84,-519],[76,-260],[75,-166],[220,-331],[71,-154]],[[19355,54701],[115,62],[60,57],[60,84],[322,556],[165,185],[229,209]],[[45541,55854],[71,-187],[153,-274],[42,-163],[27,-160],[21,-435],[-17,-260],[-43,-326]],[[49856,55876],[92,-52]],[[47887,52147],[19,726],[-12,261],[43,270],[44,154],[99,210],[68,182],[167,530],[159,416],[72,146],[122,200],[152,180],[146,219],[192,170],[178,20],[100,37],[199,-29],[154,45],[67,-8]],[[18483,55677],[1,122],[6,64],[29,106],[72,199],[50,100],[39,63],[78,54],[42,59]],[[44723,57287],[126,-154],[186,-323],[74,-193],[83,-278],[92,-206],[86,-120],[171,-159]],[[44051,57385],[474,23],[198,-121]],[[63073,54997],[-70,311],[-35,226],[-97,757],[-19,222],[19,876],[36,196],[55,123]],[[18420,58353],[5,-84],[37,-242],[4,-62],[0,-236],[-28,-319],[0,-109],[19,-248],[38,-144],[7,-153],[13,-104],[20,-62],[36,-26],[62,28],[72,58]],[[18211,58436],[124,-75],[85,-8]],[[17326,56001],[58,182],[48,368],[99,285],[49,47],[51,29],[255,8],[29,29],[24,59],[7,76],[-6,92],[-48,264],[-56,255],[-31,209],[-14,287],[13,87],[16,49],[30,51],[54,63],[35,24],[43,7],[229,-36]],[[18860,58730],[58,-29],[73,-55]],[[18420,58353],[29,112],[46,103],[70,65],[73,29],[70,60],[62,14],[90,-6]],[[68367,59084],[3,-184],[13,-123],[101,-542],[162,-649],[59,-383],[125,-531],[44,-140]],[[68191,59136],[176,-52]],[[65118,57385],[103,17],[338,-27],[109,-47],[308,-198],[283,-120],[79,1],[140,60],[95,63],[91,102],[169,287],[128,379],[127,476],[183,409],[98,148],[192,106],[157,-3],[365,101],[108,-3]],[[49948,55824],[130,134],[59,35],[176,-10],[173,69],[226,14],[216,67],[226,160],[97,141],[25,97],[29,241],[22,349],[-2,402],[-12,244],[11,304],[-73,735],[29,171],[63,195]],[[57874,52921],[43,182],[20,198],[-3,161],[-35,375],[-15,89],[-38,133],[-105,246],[-164,429],[-30,90],[-33,147],[-51,354],[2,742],[32,256],[82,351],[82,216],[56,197],[79,150],[99,112],[44,72],[69,152],[174,329],[113,311],[33,143],[59,335],[22,300],[0,99],[-14,117],[-23,105],[-23,64]],[[24871,58001],[-39,493],[-94,313],[-21,124],[2,91],[53,494],[4,152]],[[85441,60054],[327,-382],[70,-120],[44,-117],[14,-118],[-12,-174],[-90,-620],[-18,-203],[7,-193],[22,-85],[40,-25],[147,14],[226,137],[155,7],[152,-82],[90,-98],[69,-119],[168,-577],[88,-241],[93,-384],[148,-792],[41,-300],[69,-291]],[[85043,52177],[36,11],[28,30],[74,170],[31,121],[27,199],[36,144],[33,267],[19,315],[0,148],[-18,254],[-97,664],[-148,442],[-63,313],[-92,378],[-9,210],[30,356],[2,387],[-5,152],[-34,348],[-32,176],[-52,175],[-92,382],[-98,303],[-52,245],[-30,216],[-2,309],[20,190],[62,302],[57,155],[105,223],[45,69],[253,293],[111,88],[108,38]],[[85296,60250],[145,-196]],[[85296,60250],[60,273],[113,295],[33,129]],[[43909,61034],[153,76],[90,-7],[211,48],[72,-11],[95,-64],[79,-25],[67,-40],[72,-4],[80,27]],[[88007,55588],[7,282],[-16,146],[-41,200],[-59,215],[-262,785],[-131,564],[-46,154],[-181,400],[-395,552],[-74,173],[-10,84],[14,95],[137,275],[38,160],[2,377],[-20,224],[-31,119],[-81,164],[-75,104],[-358,270],[-119,124],[-142,185]],[[59772,61273],[285,-36],[402,1],[197,29],[254,23],[24,2],[155,11],[248,-43],[131,-44],[345,-71],[99,-45],[122,-32],[165,-9],[118,-24],[407,-2],[66,10],[77,49]],[[55226,54109],[-11,100],[-34,152],[-176,488],[-70,244],[-10,209],[24,507],[28,167],[37,102],[62,102],[130,156],[45,113],[48,353],[41,471],[81,490],[56,223],[73,195],[137,276],[106,338],[61,266],[15,317],[-9,125],[-33,202],[-69,278],[-192,439],[-167,437],[-52,240],[-25,254]],[[85502,60947],[36,20],[36,38],[56,91],[74,203],[20,112],[90,50],[100,37]],[[86164,61240],[-250,258]],[[82713,61527],[-26,-150],[-5,-88],[3,-112],[26,-234],[-17,-290],[-27,-125],[-81,-162]],[[58349,59376],[60,227],[55,412],[112,521],[30,92],[105,203],[39,104],[63,308],[39,133],[40,215],[60,196]],[[58952,61787],[246,-182],[243,-115],[331,-217]],[[68367,59084],[347,244],[279,311],[305,192],[80,101],[132,127],[57,98],[64,154],[59,187],[80,377],[26,202],[4,184],[-36,122],[-71,120],[-75,74],[-153,111],[-83,128]],[[56128,61924],[221,-151],[242,-256],[91,-132],[175,-309],[136,-154],[302,-471],[125,-141],[249,-343],[335,-342],[244,-218],[101,-31]],[[55322,61353],[95,144],[161,182],[127,210],[88,95],[64,32],[90,2],[181,-94]],[[85914,61498],[8,152],[24,94],[25,61],[58,101],[48,58],[125,104],[55,30],[107,16],[203,125],[201,78],[112,67],[84,11],[161,-5],[93,-31],[66,-44],[87,-103],[143,-198],[44,-86],[166,-431],[219,-376]],[[54161,62553],[106,-91],[133,-189],[99,-224],[102,-159],[133,-135],[143,-172],[194,-159],[251,-71]],[[51343,59172],[156,126],[207,232],[128,170],[267,273],[92,135],[107,106],[216,326],[216,240],[108,99],[201,290],[291,317],[161,252],[118,159],[307,340],[61,114],[74,215]],[[54053,62566],[108,-13]],[[69382,61816],[-238,-22],[-341,116],[-351,-61],[-83,37],[-42,60],[-38,92],[-91,415],[-1,255],[59,318]],[[69382,61816],[44,343],[43,478],[46,297],[32,100],[58,113],[125,167]],[[81746,63572],[281,-29],[212,23],[85,-34],[58,-68],[18,-71],[11,-100],[-18,-212],[-30,-113],[-109,-284],[-10,-55],[2,-60],[26,-89],[38,-65],[193,-150],[55,-88],[42,-151],[40,-292],[73,-207]],[[48077,64364],[52,-28],[194,-214],[159,-230],[189,-325],[225,-275],[369,-601],[142,-164],[234,-328],[111,-176],[175,-341],[146,-212],[142,-296],[311,-471],[179,-388],[188,-343],[304,-502],[146,-298]],[[45541,55854],[80,33],[114,74],[53,12],[131,-5],[123,-54],[281,-2],[263,58],[460,2],[154,28],[240,4],[242,103],[214,16],[105,30],[51,46],[35,81],[20,119],[-13,275],[12,256],[-33,617],[-42,254],[-1,310],[15,310],[-60,532],[-7,370],[-33,224],[-83,417],[-51,428],[-74,840],[-60,339],[-6,211],[-64,583],[-53,704],[2,678],[17,138],[32,149],[26,56],[42,45],[227,136],[98,102]],[[47998,64373],[79,-9]],[[81603,60802],[-17,131],[-174,564],[-80,395],[-67,200],[-50,221],[-6,227],[42,305],[-13,138],[-75,196],[-141,211],[-22,63],[-9,76],[11,74],[26,67],[119,167],[35,88],[10,147],[-19,365],[7,72],[24,67],[68,49],[75,-3],[137,-94],[87,-98],[45,-524],[35,-124],[1,-2],[94,-208]],[[68209,63801],[-147,76],[-72,106],[-39,37],[-55,77],[-47,44],[-59,99],[-33,66],[-33,100],[-37,196],[-14,102],[-3,97]],[[44828,61034],[113,-134],[44,-31],[99,-19],[553,-187],[113,10],[63,42],[34,47],[21,86],[7,89],[-19,398],[-37,227],[-18,238],[-81,511],[-4,92],[10,87],[27,65],[56,50],[192,67],[182,24],[90,61],[56,75],[23,123],[-5,215],[-51,397],[-101,576],[2,140],[27,146],[37,116],[66,70],[247,89],[170,20],[63,29],[42,42],[33,69],[20,107],[3,428]],[[47084,65423],[198,-124],[390,-376],[200,-235],[44,-63],[43,-94],[39,-158]],[[46905,65399],[82,27],[97,-3]],[[46814,65878],[51,-314],[40,-165]],[[82316,66023],[-21,-442],[-24,-111],[-48,-97],[-73,-86],[-90,-50],[-162,-36],[-98,0],[-305,126],[-97,80],[-46,78],[-18,80],[2,129],[35,212],[58,230]],[[81096,66080],[49,47],[86,36],[102,0],[96,-27]],[[44828,61034],[12,64],[28,291],[60,187],[22,104],[73,272],[31,250],[32,102],[171,378],[157,306],[73,107],[130,251],[45,131],[73,277],[17,197],[15,77],[85,297],[64,173],[155,292],[149,260],[96,121],[33,62],[54,247],[96,251],[93,317],[52,125],[50,64],[131,97]],[[46825,66334],[-11,-456]],[[81857,66447],[139,-70],[134,-113],[186,-241]],[[84494,66449],[37,-48],[39,-78],[22,-87],[42,-82],[39,-204],[15,-116],[18,-56],[55,-105],[37,-99],[31,-123],[6,-71],[-9,-162],[1,-157],[-66,-566],[-17,-192],[-6,-193],[-18,-162],[-53,-280],[-61,-159],[-64,-200],[-47,-315],[0,-79],[21,-161],[20,-521],[10,-74],[27,-84],[60,-50],[74,-8],[140,26],[48,-23],[35,-33],[299,-483],[90,-191],[144,-267],[39,-99]],[[81429,66136],[109,190],[121,123],[39,12],[159,-14]],[[82713,61527],[139,71],[116,169],[27,98],[29,296],[8,181],[20,103],[43,83],[190,247],[102,228],[37,159],[59,414],[59,593],[31,144],[69,187],[57,122],[118,182],[231,173],[74,87],[82,136],[56,118],[96,312],[51,209],[7,82],[-20,330],[46,225]],[[84440,66476],[54,-27]],[[67099,66476],[-50,-25],[-51,2],[-207,84],[-55,31],[-125,144],[-143,86],[-190,168],[-29,51],[-38,135]],[[71886,64030],[15,129],[2,160],[-31,323],[-3,359],[7,108],[25,96],[242,292],[460,335],[168,147],[60,105],[41,172],[8,92],[-10,92],[-39,172],[-44,141],[-99,181],[-204,256],[-91,188]],[[82316,66023],[267,3],[170,30],[53,32],[127,113],[88,121],[78,169],[93,264],[52,88],[233,265],[54,17],[125,148],[193,78],[129,27],[48,-11],[40,-33],[91,-116],[90,-96],[92,-157],[49,-182],[27,-190],[25,-117]],[[62264,67546],[-26,-116],[-16,-112],[-8,-216],[-13,-90]],[[78873,67702],[222,-196],[102,-143],[252,-230],[201,-134],[101,-147],[98,-110],[139,-230],[143,-166],[64,-56],[98,-37],[143,-5],[78,9],[86,42],[105,29],[179,-26],[84,-60],[128,-162]],[[81096,66080],[11,-46],[5,-68],[-3,-520],[-31,-137],[-44,-101],[-44,-54],[-80,-38],[-122,27],[-126,-6],[-108,-68],[-169,-78],[-157,-91],[-44,-13],[-155,6],[-111,29],[-142,66],[-231,195],[-191,195],[-116,147],[-100,197],[-183,267],[-243,226],[-118,179],[-116,157],[-91,102],[-35,61],[-18,58],[-6,52],[24,119],[43,109],[123,256],[45,123],[55,119],[52,165]],[[78670,67715],[108,21],[95,-34]],[[66211,67152],[99,154],[287,235],[39,64],[39,106],[44,87],[126,169]],[[66845,67967],[48,-56]],[[61884,68359],[60,-133],[137,-243],[19,-78],[56,-145],[35,-111],[42,-72],[31,-31]],[[54053,62566],[-36,120],[-66,153],[-264,420],[-106,220],[-64,209],[-43,261],[-38,499],[-3,788],[-51,590],[-66,344],[-46,470],[-84,510],[-35,329],[4,376],[87,415],[51,508]],[[58952,61787],[-45,194],[-14,106],[10,262],[1,542],[-23,271],[6,263],[-18,386],[-24,187],[-32,399],[-7,359],[-34,532],[-23,183],[-7,261],[-39,200],[-21,210],[0,763],[-15,357],[18,351],[24,183],[18,245],[18,483],[1,389],[15,171]],[[62233,66955],[117,3],[80,47],[202,275],[233,190],[92,111],[97,89],[99,148],[148,178],[23,50],[19,80],[11,87],[-2,59],[-48,194],[-80,186],[-25,82],[-9,80],[20,90],[46,78],[95,84],[179,84],[228,135],[47,56],[60,105]],[[64354,69519],[127,-85],[71,-84],[137,-222],[79,-176],[389,-747],[332,-516],[309,-316],[178,-99],[147,-57],[88,-65]],[[63865,69446],[109,12],[245,92],[135,-31]],[[53293,68778],[113,94],[220,299],[206,415],[120,188],[117,282]],[[62264,67546],[49,91],[39,95],[33,99],[20,95],[23,161],[67,361],[15,198],[58,218],[17,229],[40,194],[7,208],[37,346],[17,58],[25,48],[108,136]],[[63847,70162],[-25,-201],[-1,-106],[17,-220],[27,-189]],[[9517,70187],[93,-44],[144,-11],[94,-62],[70,-33],[214,-192],[105,-79],[95,-54],[101,-144],[324,-283],[136,-79],[144,-18],[159,-72],[55,-1],[104,31],[124,67],[138,49],[58,47],[59,68],[117,91],[88,52],[107,35],[76,-1],[102,-28],[74,-42],[71,-20],[184,-135],[69,-84],[138,-249],[55,-213],[50,-150],[59,-299],[48,-167],[75,-167],[93,-179],[54,-159],[56,-121],[47,-127],[118,-239],[76,-101],[65,-53],[45,-10],[46,9],[88,52],[93,92],[74,105],[137,229],[49,37],[45,12],[169,-35],[127,-55],[160,-157],[118,-171],[67,-151],[42,-140],[77,-411],[27,-269],[15,-86],[68,-242],[51,-151],[72,-372],[63,-247],[27,-98],[57,-139],[70,-261],[121,-252],[17,-86],[6,-108]],[[8513,70139],[146,28],[63,-3],[90,-24],[251,0],[274,100],[180,-53]],[[62851,70277],[-32,-194]],[[62819,70083],[92,-134],[88,-70],[64,-18],[93,6],[239,96],[72,68],[99,161],[80,102],[89,59],[83,7]],[[63818,70360],[29,-198]],[[62601,70430],[63,-31],[157,-118],[30,-4]],[[62455,70581],[146,-151]],[[62922,71597],[96,-96],[49,-99],[22,-135],[-6,-160],[-77,-423],[-90,-254],[-65,-153]],[[62803,71680],[119,-83]],[[77936,71731],[142,-907],[19,-184],[3,-142],[-3,-122],[-23,-215],[13,-110],[41,-212],[16,-204],[-15,-83],[-18,-42],[-152,-154],[-52,-93],[-12,-56],[-1,-80],[23,-140],[58,-154],[146,-264],[209,-420],[48,-66],[99,-74],[89,-92],[56,-90],[48,-112]],[[61480,71987],[47,-69],[32,-32],[37,-24],[100,-91],[117,-69],[42,-40],[74,-46],[98,-101]],[[61456,72008],[24,-21]],[[72393,67378],[-91,44],[-203,216],[-284,241],[-85,119],[-41,116],[-11,122],[2,330],[46,487],[-6,240],[-40,227],[-87,237],[-107,499],[-99,311],[-34,184],[-20,239],[5,190],[97,567],[57,192],[61,124]],[[49235,72199],[74,-510],[21,-220],[89,-397],[42,-496],[44,-258],[11,-209],[-44,-297],[-56,-86],[-146,-128],[-249,-252],[-128,-177],[-32,-99],[-46,-215],[-49,-454],[-49,-278],[-59,-161],[-213,-347],[-137,-126],[-226,-136],[-366,-156],[-211,-119],[-376,-132],[-126,-63],[-66,-90],[-64,-133],[-32,-148],[-16,-178]],[[73883,62998],[109,202],[82,229],[40,66],[32,30],[43,17],[124,11],[113,44],[253,10],[90,32],[163,93],[170,22],[113,78],[37,45],[20,44],[18,100],[-9,116],[-137,602],[-84,272],[-92,194],[-48,158],[-70,186],[-10,86],[17,243],[30,181],[33,113],[17,100],[31,114],[42,98],[137,261],[181,199],[79,59],[125,63],[173,178],[114,153],[123,130],[151,205],[52,84],[29,73],[21,285],[6,257],[24,173],[9,236],[31,252],[50,266],[87,302],[15,84],[3,102],[-10,90],[-32,104],[-164,296],[-93,210],[-32,91],[-30,112],[-17,100],[-1,106],[14,80],[43,134],[33,69],[67,113],[50,44],[39,6],[357,-51],[230,33],[232,79],[63,39],[88,79],[34,51],[28,79],[108,536],[7,128],[-16,152]],[[77418,72526],[83,26],[106,-32],[78,-57],[57,-114],[114,-318],[80,-300]],[[76546,73015],[56,-152],[40,-66],[81,-97],[128,-103],[213,-35],[231,15],[123,-51]],[[72393,67378],[56,126],[128,222],[128,125],[66,26],[43,1],[100,-42],[127,-20],[168,-69],[118,-3],[70,28],[66,44],[71,71],[56,93],[60,144],[23,99],[45,280],[49,482],[31,113],[76,196],[36,77],[33,42],[390,304],[165,251],[48,118],[47,227],[104,290],[100,150],[325,651],[150,280],[32,137],[4,92],[-58,526],[-3,220],[22,162],[56,112],[40,41],[58,33],[119,17],[135,-17],[127,-89],[90,-33],[135,-6],[65,17],[138,109],[100,60],[96,2],[118,-52]],[[52738,73097],[24,-219],[-8,-135],[-89,-548],[-69,-516],[-93,-413],[-43,-313],[0,-99],[32,-98],[89,-149],[272,-250],[70,-131],[178,-680],[84,-496],[108,-272]],[[65894,73286],[46,-202],[187,-394],[48,-140],[96,-435],[16,-123],[-9,-78],[-37,-103],[-74,-149],[-127,-200],[-97,-221],[-31,-164],[6,-159],[62,-201],[106,-178],[491,-993],[149,-208],[56,-129],[24,-103],[9,-88],[2,-329],[25,-266],[-7,-246],[10,-210]],[[64752,73454],[-21,-95],[-138,-354],[-104,-157],[-19,-71],[-13,-106],[-2,-109],[23,-166],[11,-148],[69,-244],[18,-126],[4,-89],[-3,-126],[-17,-129],[-46,-274],[-38,-164],[-30,-77],[-132,-199],[-150,-146],[-150,-114],[-106,-55],[-90,-145]],[[71553,72063],[209,-155],[282,-113],[125,4],[143,81],[42,41],[56,86],[170,336],[93,156],[60,178],[89,365],[59,135],[58,90],[81,85],[127,82],[149,62],[204,46],[114,69]],[[62867,73015],[233,-185],[124,-72],[98,-15],[106,28],[70,38],[63,56],[291,329],[193,173],[140,70],[154,48],[264,164],[166,16]],[[64769,73665],[-17,-211]],[[65299,73836],[154,-216],[197,-220],[244,-114]],[[64769,73665],[204,90],[165,129],[73,13],[88,-61]],[[73614,73611],[60,-72],[84,-45],[191,-10],[169,35],[98,97],[72,121],[32,96],[39,210]],[[76340,74043],[88,-52],[58,-54],[25,-53],[30,-123],[32,-208],[6,-162],[-5,-186],[-28,-190]],[[68906,73692],[62,33],[230,203],[161,177],[396,324],[284,65],[235,-24],[77,-31],[85,-93],[165,-269],[127,-161],[267,-238],[122,-147],[102,-149],[132,-160],[130,-218],[36,-91],[22,-131],[10,-164],[-11,-379],[15,-176]],[[75008,74496],[27,-25],[19,-54],[15,-181],[0,-215],[82,-421],[25,-55],[28,-32],[130,-57],[89,24],[53,40],[115,129],[101,169],[70,63],[89,45],[108,28],[205,-11],[93,34],[83,66]],[[74359,74043],[107,68],[203,257],[78,64],[150,66],[111,-2]],[[94633,73773],[37,112],[64,135],[240,314],[182,273]],[[65976,75152],[63,-32],[125,-4]],[[76023,75302],[121,-298],[28,-161],[13,-288],[128,-386],[27,-126]],[[66164,75116],[89,-26],[82,12],[190,167],[116,54],[78,2],[61,-31],[58,-67],[38,-104],[16,-110],[23,-375],[27,-164],[32,-118],[71,-81],[197,-98]],[[65894,73286],[67,151],[21,96],[-9,198],[-19,120],[-80,296],[-118,310],[-135,300],[-46,143],[-14,90],[1,117],[17,88],[48,104],[109,163]],[[65736,75462],[240,-310]],[[74882,76206],[-159,-330],[-47,-157],[-3,-64],[15,-58],[60,-101],[50,-55],[146,-80],[335,-66],[238,-117],[190,-43],[128,27],[188,140]],[[74712,76467],[43,-23],[39,-37],[43,-71],[45,-130]],[[66069,76471],[22,-473],[70,-505],[3,-377]],[[74359,74043],[-104,343],[-96,198],[-66,194],[-87,158],[-144,227],[-15,50],[3,50],[35,78],[63,87],[162,100],[53,61],[35,88],[30,175],[77,258],[101,203],[50,79],[46,49],[58,43],[34,7],[118,-24]],[[56954,75808],[72,103],[150,295],[156,213],[98,158]],[[66069,76471],[301,106]],[[65262,76912],[184,-122],[197,-99],[143,-51],[147,-24],[85,-57],[51,-88]],[[65736,75462],[-37,369],[-29,144],[-21,56],[-49,85],[-44,47],[-341,238],[-63,53],[-38,48],[-38,78],[-20,96],[-1,137],[15,107]],[[65070,76920],[67,16],[125,-24]],[[57430,76577],[118,3],[85,25],[164,120],[198,63],[171,96],[88,115]],[[64706,77104],[113,-69],[163,-52],[88,-63]],[[59265,77142],[-18,-218],[-38,-147],[-67,-121]],[[66370,76577],[133,-59],[74,30],[110,135],[285,473]],[[58197,77221],[38,-120],[19,-102]],[[59253,77262],[12,-120]],[[46991,77297],[435,-225],[53,-59],[36,-73],[32,-113],[24,-145],[14,-150],[-12,-117],[-30,-115],[-156,-417],[-50,-291],[-13,-132],[28,-215],[116,-536],[8,-124],[-7,-188],[-81,-441],[-16,-177],[-31,-164],[7,-274]],[[58254,76999],[44,-22],[52,-2],[86,29],[80,41],[69,14],[63,29],[59,61],[172,68],[44,33],[67,20],[63,41],[137,0],[26,-14],[37,-35]],[[46841,77314],[150,-17]],[[57430,76577],[-78,308],[-14,82],[-3,89],[7,87],[43,230],[61,151]],[[57446,77524],[123,3],[110,22],[279,2],[74,25]],[[58032,77576],[165,-355]],[[74882,76206],[155,-76],[148,-48],[65,-5],[82,23],[65,43],[76,96],[49,114],[19,103],[1,94],[-18,93],[-29,74],[-44,62],[-81,51],[-217,40],[-60,29],[-37,44],[-15,59],[-3,113],[29,338],[-26,176]],[[78100,77760],[-9,-143],[-38,-157],[-89,-153],[-177,-370],[-86,-111],[-170,-87],[-211,-28],[-175,18],[-194,-45],[-54,-38],[-57,-82],[-32,-73],[-79,-277],[-34,-61],[-36,-34],[-83,-38],[-61,-5],[-144,47],[-125,19],[-95,-46],[-63,-56],[-66,-124],[-31,-162],[-9,-209],[15,-132],[26,-111]],[[68700,77367],[21,153],[22,74],[48,73],[77,60],[61,13],[120,43],[73,2],[70,-21],[86,-11],[65,-39],[79,-28],[71,-5]],[[70840,77833],[38,-23],[36,-57],[46,-126],[108,-440],[91,-279],[48,-96],[69,-89],[103,-91],[94,-49],[65,-1],[210,48],[94,-4],[65,-23],[87,-40],[97,-71],[167,-192],[123,-234],[58,-171],[59,-277],[33,-262],[8,-193],[15,-108],[46,-167],[52,-126],[77,-131],[100,-138],[207,-212],[311,-230],[146,-89],[37,-59],[43,-117],[41,-175]],[[69493,77681],[148,-416],[67,-128],[101,-116],[116,-36],[182,53],[83,82],[41,128],[62,349],[35,73],[58,68],[90,43],[158,13],[138,44],[68,-5]],[[59253,77262],[27,227],[3,151],[49,185],[16,28],[46,10],[119,-33],[117,12],[110,46],[99,2]],[[56289,77969],[12,64],[3,66]],[[57152,78124],[108,-80],[33,-39],[42,-101],[72,-295],[39,-85]],[[96170,78125],[45,-42],[80,-44],[50,-44]],[[95892,78148],[171,-46],[107,23]],[[93840,75356],[68,236],[68,175],[202,402],[53,128],[154,194],[107,156],[53,33],[75,-2],[75,-55],[105,-134],[41,-35],[88,-13],[50,34],[21,49],[13,74],[-10,405],[34,167],[36,84],[258,460],[90,211],[112,165],[69,51],[65,12],[225,-5]],[[64839,78199],[149,-66],[150,-31],[335,-6],[86,-32],[87,-71],[81,-116],[79,-189],[29,-48],[80,-65],[200,-84],[63,-53],[40,-59],[143,-447],[9,-94],[0,-261]],[[56606,77550],[61,104],[56,122],[109,170],[98,114],[72,143]],[[57002,78203],[150,-79]],[[64595,78203],[86,18],[158,-22]],[[20591,77916],[13,65],[9,88],[12,32],[31,56],[11,33],[6,123],[14,73]],[[56842,78535],[41,-58],[30,-56],[89,-218]],[[50899,77655],[-175,71],[-141,17],[-127,38],[-100,4],[-257,-68],[-264,-156],[-65,-8],[-64,24],[-96,89],[-178,295],[-56,126],[-82,270],[-107,237]],[[76501,78615],[68,-38],[440,-390],[183,-137],[222,-79],[392,-2],[98,-22],[93,-54],[103,-133]],[[56304,78099],[73,48],[61,86],[44,38],[23,29],[42,69],[55,108],[105,122],[41,21]],[[56748,78620],[94,-85]],[[75041,77629],[75,130],[84,30],[124,-35],[170,-128],[49,-20],[230,-1],[112,54],[93,106],[61,125],[38,138],[24,211],[77,191],[133,154],[59,32],[65,12],[66,-13]],[[22097,78724],[-5,-64],[-23,-91],[-6,-158],[-13,-77]],[[58032,77576],[109,255],[28,114],[1,73],[-22,94],[-44,78],[-49,50],[-157,112],[-87,114],[-40,89],[-23,131],[0,205],[28,146],[50,127]],[[59124,79206],[121,-80],[84,-34],[241,-6],[85,-71],[62,-101],[66,-78],[183,-268]],[[57826,79164],[100,-29],[271,-169],[280,-263],[51,-34],[48,-15],[87,31],[66,70],[126,154],[124,226],[35,49],[31,24],[79,-2]],[[56558,79499],[26,-65],[102,-174],[52,-140],[20,-78],[19,-150],[-25,-184],[-4,-88]],[[57636,79603],[102,-152],[33,-71],[44,-122],[11,-94]],[[56072,79674],[171,-88],[75,-19],[76,-36],[87,-28],[77,-4]],[[56304,78099],[-21,75],[-46,105],[-75,140],[-37,101],[-70,122],[-93,271],[-138,269],[-81,205],[-6,36],[1,49],[23,76],[39,71],[63,51],[62,11],[147,-7]],[[56886,79769],[86,-30],[192,-10],[135,-28],[173,-66],[113,-12],[51,-20]],[[56558,79499],[52,152],[27,55],[58,88],[69,66],[122,-91]],[[52215,79962],[56,-263],[78,-272],[33,-87],[35,-153],[32,-223],[4,-214]],[[59712,80116],[-12,-89],[-3,-142],[73,-44],[105,-29],[324,-7],[51,-28],[49,-46]],[[70790,80161],[54,-41],[77,-127],[86,-116],[248,-270],[196,-296],[64,-66],[102,-53],[63,-53],[52,-70],[61,-136],[39,-62],[95,-104],[72,-60],[94,-35],[248,2],[166,64],[110,20],[91,37],[99,6],[165,-40],[46,-31],[97,-93],[49,-74],[37,-112],[15,-79],[-1,-415],[-41,-246],[-13,-179],[11,-95],[59,-290],[44,-77],[72,-62],[312,-126],[120,-88],[57,-78],[31,-62],[67,-214],[50,-54],[61,-21],[61,20],[97,96],[55,88],[96,222],[70,198],[21,162],[26,110],[73,196],[46,74],[95,67],[125,11],[99,33],[132,-13]],[[69493,77681],[23,57],[20,95],[6,288],[13,175],[0,328],[-29,235],[2,227],[-13,311],[6,63],[23,63],[59,80],[105,85],[121,49],[270,186],[88,24],[87,44],[118,94],[96,46],[116,79],[61,14],[125,-63]],[[57636,79603],[13,128],[-13,88],[-12,39],[-58,92],[-116,137],[-65,100],[-24,51],[-20,89],[-26,69],[-36,66],[-26,29],[-87,52],[-69,59]],[[56900,80625],[144,-38],[53,15]],[[55116,80014],[324,169],[54,44],[50,67],[41,81],[23,82],[23,242],[39,235]],[[55670,80934],[208,-7],[139,-54],[221,-111],[154,-28],[103,-4],[181,-85],[104,-12],[48,-7],[72,-1]],[[54624,80730],[48,22],[79,2],[229,-74],[133,29],[150,113],[188,204],[108,60]],[[55559,81086],[111,-152]],[[52215,79962],[91,208],[76,212],[49,76],[33,15],[41,-8],[40,-26],[69,-79],[78,-32],[74,-9],[65,10],[32,25],[29,36],[36,65],[45,119],[46,44],[61,10],[84,-23],[96,-4],[46,9],[48,27],[69,100],[64,168],[30,48],[72,71],[128,76],[51,62]],[[19831,80959],[-15,136],[-1,144]],[[53768,81162],[180,47],[195,34],[134,64],[44,-2],[54,-50],[49,-92],[122,-182],[45,-112],[17,-114]],[[53578,81644],[52,-87],[32,-77],[37,-119],[14,-76],[31,-77],[24,-46]],[[26139,80014],[-72,260],[-7,86],[-1,159],[7,156],[71,396],[19,281],[0,120],[-7,66],[-17,69],[-25,63],[-59,97],[-46,61],[-80,58],[-54,27],[-100,17],[-93,-13],[-57,-28],[-39,-32],[-95,-101],[-125,-195],[-42,-111],[-36,-64],[-40,-58],[-85,-92],[-83,-131],[-22,-48],[-46,-167],[-12,-208],[-35,-135],[-29,-145],[-48,-117],[-81,-117],[-106,-92],[-124,-35],[-324,1],[-153,92],[-38,8],[-96,-23],[-117,-6],[-136,-46],[-181,-6],[-94,-56],[-37,-47],[-23,-51],[-15,-85],[-38,-117]],[[59158,82022],[82,-65],[265,-119],[104,-58],[67,-79],[39,-113],[12,-65],[6,-166],[24,-124],[9,-169],[51,-211],[7,-85],[-4,-72],[-36,-216],[-50,-137],[-16,-76],[-6,-151]],[[52718,82203],[240,-138],[80,-74],[95,-130],[66,-215],[32,-46],[37,-34],[60,-24],[78,5],[172,97]],[[57097,80602],[35,126],[43,95],[27,29],[73,47],[58,66],[81,153],[12,37],[17,125],[37,398],[36,138],[89,180],[174,228]],[[58760,82242],[136,-147],[80,-57],[61,-16],[121,0]],[[57779,82224],[139,-69],[124,-7],[234,31],[257,94],[104,20],[78,-24],[45,-27]],[[52579,82324],[-130,-163],[-280,-198],[-66,-65],[-50,-71],[-26,-74],[-23,-151],[29,-313],[-14,-97],[-47,-113],[-130,-186],[-90,-163],[-50,-131],[-3,-71],[15,-77],[31,-69],[59,-89],[411,-331]],[[52579,82324],[139,-121]],[[55559,81086],[28,198],[10,205],[30,202],[66,226],[107,229],[96,167],[48,98]],[[55944,82411],[112,-41],[63,-23],[360,-224],[213,91],[138,124],[181,131],[189,50],[133,-18],[209,-1],[197,11],[40,14]],[[57779,82525],[0,-301]],[[59867,82535],[272,-193],[65,-66],[50,-70],[73,-212],[91,-420],[14,-129],[53,-145],[1,-47],[-12,-53],[-126,-237],[-199,-323],[-39,-130],[-111,-211],[-83,-95],[-90,-20],[-114,-68]],[[59158,82022],[42,280],[26,74],[36,52],[56,41],[119,51],[248,49],[182,-34]],[[55892,82950],[26,-78],[17,-100],[8,-240],[1,-121]],[[55675,83023],[217,-73]],[[53578,81644],[93,91],[300,97],[231,139],[112,42],[55,42],[87,128],[83,372],[65,116],[20,34],[100,168],[35,66],[65,92],[54,44]],[[78100,77760],[109,59],[104,89],[38,60],[16,80],[-6,65],[-42,176],[-183,697],[-47,233],[-16,129],[-6,139],[5,120],[34,120],[49,95],[128,200],[134,145],[66,43],[105,30],[96,-4],[227,-160],[158,-55],[86,-6],[69,30],[49,47],[41,80],[80,358],[55,309],[22,57],[39,62],[61,46],[281,37],[129,66],[150,39],[37,33],[73,86],[43,104],[50,179],[-3,57],[-27,97],[-17,201],[19,389],[18,91],[42,113],[99,157],[45,48],[102,74],[116,125],[50,88],[48,137]],[[80826,83125],[52,-21],[157,-11],[159,-51],[155,-92]],[[54878,83075],[78,-44],[100,-8],[104,37],[188,114],[79,20],[67,-27],[181,-144]],[[57905,83249],[-21,-270],[-27,-178],[-78,-276]],[[18436,82725],[-36,15],[-62,48],[-44,12],[-199,-12],[-88,12],[-376,4],[-128,30],[-179,83],[-79,25],[-146,14],[-196,68],[-168,0],[-139,-46],[-263,-4],[-132,-21],[-139,40],[-153,28],[-162,9],[-118,42],[-305,4],[-149,47],[-168,0],[-202,-46],[-168,-2],[-271,68],[-103,14],[-118,41],[-190,1],[-100,-22],[-81,-2],[-109,21],[-181,6],[-88,18],[-101,-12],[-168,41],[-144,-14],[-107,10],[-331,-69],[-403,-2],[-60,11],[-120,60],[-193,10],[-104,59]],[[11665,83314],[-61,10],[-407,-1],[-167,-43],[-121,17],[-107,-20],[-153,-6],[-103,-39],[-88,-17],[-86,-59],[-108,-31],[-259,1],[-105,22],[-197,3],[-81,14],[-70,-12],[-72,3],[-262,-71],[-127,13],[-84,-20],[-141,-7],[-145,-44],[-333,-3],[-105,-22],[-216,-5],[-125,-29],[-111,14],[-134,-5],[-106,22],[-166,3],[-82,20],[-270,32],[-254,104],[-177,111],[-70,-22],[-56,-48]],[[56794,83416],[163,-82],[253,-79],[107,-1],[130,39],[237,27],[110,-21],[111,-50]],[[55892,82950],[230,197],[114,74],[80,25],[178,8],[66,28],[44,43],[81,123]],[[56685,83448],[109,-32]],[[81349,82950],[-27,-178],[-2,-81],[12,-79],[32,-77],[96,-137],[232,-217],[59,-114],[6,-97],[-38,-218],[-5,-235],[66,-63],[63,-29],[223,-40],[113,-45],[65,-43],[47,-71],[22,-83],[-4,-96],[-25,-100],[-86,-230],[-26,-163],[1,-125],[10,-68],[24,-65],[39,-59],[177,-168],[314,-194],[161,-56],[135,8],[177,-90],[214,-167],[151,-140],[96,-103],[94,-127],[108,-207],[114,-361],[93,-588],[102,-400],[60,-132],[90,-108],[132,-76],[164,-59],[150,-32],[94,-2],[163,47],[217,39],[174,114],[206,44],[164,67],[199,-20],[123,43],[68,8],[157,-25],[201,-4],[174,-50],[141,-113],[185,-104],[99,-84],[190,-105],[103,-22],[145,14],[122,31],[325,122],[110,56],[134,96],[230,114],[58,55],[130,170],[113,123],[142,107],[128,57],[52,72],[129,271],[21,110],[-3,77],[-14,74],[-140,486],[-46,416],[-3,151],[15,124],[22,79],[49,98],[97,40],[57,-4],[50,-21],[284,-186],[132,-132],[131,-61],[303,-25],[157,54],[79,52],[49,49],[106,164],[108,205],[73,174],[150,441],[74,100],[93,62],[155,37],[145,66],[171,88],[150,99],[345,92],[65,42],[39,55],[19,58],[5,71],[-6,71],[-27,105],[-44,118],[-49,86],[-47,54],[-52,31],[-63,-7],[-159,-95],[-132,-60],[-367,-93],[-116,13],[-161,-21],[-255,4],[-198,67],[-79,72],[-23,47],[-12,55],[3,154],[37,249],[80,285],[74,318],[46,131],[142,273],[76,123]],[[52009,83672],[131,-203],[89,-113],[116,-120],[202,-165],[72,-102],[34,-156],[4,-118],[-18,-118],[-60,-253]],[[55179,84585],[71,-121],[89,-44],[75,5],[158,80],[134,-21],[72,-56],[184,-238],[81,-61],[150,-58],[286,-6],[100,-50],[74,-93],[40,-107],[10,-180],[-18,-187]],[[51929,84634],[77,-158],[100,-149],[27,-105],[-7,-93],[-117,-457]],[[54922,84698],[167,-100],[90,-13]],[[50836,84707],[59,-224],[26,-238],[21,-90],[57,-119],[108,-132],[96,-51],[157,-39],[160,-59],[334,-13],[155,-70]],[[57905,83249],[167,207],[170,420],[4,114],[-66,453],[-5,264]],[[54878,83075],[-93,235],[-56,95],[-229,177],[-53,78],[-31,123],[-27,256],[-1,88],[12,81],[46,143],[119,216],[58,70],[99,62],[122,24],[78,-25]],[[51611,84946],[154,-195],[164,-117]],[[51359,85197],[252,-251]],[[85382,85202],[108,-92],[274,-193],[285,-124],[78,-61],[63,-129],[29,-363],[43,-161],[45,-78],[51,-58],[127,-91],[379,7],[237,70],[291,194],[196,199],[86,57],[88,-1],[148,-70],[87,-62],[136,-131],[145,-180],[82,-179],[150,-447],[75,-112],[72,-43],[111,-1],[140,32],[86,42],[394,287],[247,124],[151,145],[243,171],[104,56],[157,51],[59,-8],[46,-30],[219,-249],[128,-103],[72,-96],[46,-102]],[[81349,82950],[103,205],[61,71],[324,193],[209,83],[158,124],[99,130],[54,119],[57,176],[46,67],[193,102],[205,206],[141,106],[96,46],[124,-1],[96,-84],[172,-366],[131,-237],[81,-107],[94,-55],[105,-23],[62,14],[113,59],[111,89],[95,130],[60,104],[125,454],[102,193],[416,365],[155,77],[148,32],[97,-20]],[[58175,84707],[116,91],[168,242],[264,281],[78,58],[70,32],[174,17],[126,-45],[227,-129],[286,-119],[329,-103],[313,-31],[105,25],[65,40],[69,79],[107,176],[119,92],[93,45],[199,19],[63,37],[56,72]],[[61758,85678],[60,-31],[91,-92],[121,-92],[37,-53],[22,-85],[10,-179],[-23,-250],[22,-158],[49,-82],[127,-72],[42,-43],[39,-83],[80,-263],[57,-108],[80,-101],[123,-108],[132,-95],[292,-104],[258,-7],[211,27],[103,-11],[83,-72],[176,-276],[31,-93],[-7,-87],[-41,-99],[-103,-171],[-26,-99],[15,-82],[74,-178],[31,-135],[6,-136],[-18,-118],[-50,-85],[-69,-34],[-68,6],[-226,72],[-75,-10],[-52,-48],[-20,-50],[-3,-47],[31,-115],[38,-64],[130,-96],[28,-55],[4,-51],[-14,-44],[-26,-26],[-121,-3],[-38,-18],[-31,-52],[-71,-209]],[[61202,85586],[468,97],[88,-5]],[[90860,83473],[301,-96],[145,27],[97,49],[99,91],[189,199],[193,228],[172,168],[169,234],[99,231],[86,111],[36,65],[37,86],[16,65],[2,61],[-14,152],[-67,301],[-44,250],[-4,67],[18,152],[76,323],[33,88],[39,57],[61,49],[210,116],[73,4]],[[92882,86551],[94,-14],[115,12],[205,-24],[115,-41],[164,-9],[184,-97],[50,-38],[124,-170],[51,-117],[66,-120],[112,-266],[132,-379],[58,-111],[255,-634],[48,-136],[23,-99],[74,-123],[20,-87],[22,-248],[23,-97],[27,-177],[20,-64],[40,-64],[64,-43],[67,-9],[77,9],[97,40],[68,1],[115,-53],[72,-46],[115,-139],[168,-266],[71,-136],[63,-95],[97,-94],[115,-136],[265,-250],[94,-28],[65,3],[63,26],[70,45],[158,135],[153,57],[152,29],[153,-30],[183,-67],[77,-66],[48,-90],[12,-97],[-15,-88],[-33,-99],[-72,-156],[-40,-120],[-107,-249],[-82,-302],[-46,-230],[-13,-144],[-56,-354],[-57,-218],[-43,-274],[-34,-127],[-25,-57],[-56,-84],[-50,-40],[-65,-24],[-118,-13],[-130,-39],[-176,25],[-172,50],[-85,-3],[-29,-34],[-8,-77],[20,-157],[55,-238],[68,-390],[-11,-203],[10,-191],[-18,-106],[-28,-81]],[[52690,86818],[-30,-290],[-215,-815],[-46,-85],[-65,-77],[-106,-102],[-129,-100],[-79,-139],[-40,-133],[-25,-297],[-26,-146]],[[58365,86818],[31,-400],[-5,-358],[-14,-91],[-83,-173],[-233,-268],[-40,-89],[-19,-93],[2,-102],[51,-280],[47,-131],[73,-126]],[[54989,87129],[-42,-147],[-47,-287],[-4,-101],[14,-96],[38,-133],[63,-153],[226,-362],[64,-169],[18,-87],[0,-113],[-23,-162],[-13,-215],[-104,-519]],[[57953,87153],[-68,-109],[-77,-51]],[[57953,87153],[57,-19],[355,-316]],[[80826,83125],[-35,193],[-19,50],[-22,28],[-98,48],[-194,5],[-52,13],[-65,47],[-83,113],[-43,129],[-8,128],[8,110],[45,221],[1,76],[-39,107],[-69,93],[-70,43],[-285,75],[-81,7],[-93,-12],[-126,-57],[-156,-52],[-230,2],[-91,51],[-163,177],[-205,176],[-59,22],[-111,-2],[-203,63],[-146,80],[-96,72],[-73,78],[-66,91],[-82,166],[-59,149],[-186,567],[-101,382],[-70,158],[-79,116],[-178,166],[-156,168],[-73,114],[-84,108],[-63,50],[-54,-17],[-58,-65],[-157,-376],[-40,-108],[-158,-232],[-170,-153],[-135,-33],[-41,9],[-97,63],[-46,62],[-34,164],[-11,205],[-17,92],[-37,83],[-57,50],[-54,4],[-132,-43],[-81,-43],[-98,-85],[-60,-29],[-196,-30],[-71,9],[-41,31],[-31,45],[-37,134]],[[47109,87529],[63,-62],[36,-54],[11,-34],[16,-101],[8,-240],[20,-59],[29,-43],[68,-59],[70,-27],[267,-32]],[[57808,86993],[-119,-7],[-114,32],[-213,92],[-199,147],[-98,92],[-127,186]],[[46905,87678],[204,-149]],[[53039,87678],[114,8]],[[53153,87686],[142,80],[220,102]],[[74855,87181],[-20,268],[-1,476],[-12,71],[-33,74],[-45,56],[-81,41],[-321,-45],[-102,-41],[-40,-32],[-55,-73],[-94,-159],[-120,-123],[-98,-153],[-53,-54],[-95,-57],[-100,-24],[-90,-38],[-126,-86],[-144,-127],[-166,-89],[-128,-5],[-107,30],[-70,43],[-123,124],[-140,221],[-57,47],[-56,27],[-234,19],[-121,-18],[-182,-98],[-74,-58],[-40,-67],[-14,-90],[18,-161],[41,-236],[-1,-75],[-10,-48],[-50,-90],[-187,-181],[-40,-54],[-72,-143],[-14,-56],[-4,-77],[22,-117],[44,-72],[160,-139],[115,-62],[50,-56],[45,-99],[6,-46],[-4,-61],[-35,-88],[-98,-161],[-132,-266],[-85,-134],[-90,-101],[-238,-196],[-160,-32],[-57,5],[-120,56],[-113,114],[-81,61],[-76,28],[-100,1],[-144,-32],[-105,-52],[-247,-204],[-223,-144],[-158,-55],[-136,16],[-105,-9],[-176,103],[-104,112],[-155,243],[-166,386],[-52,63],[-42,30],[-156,55],[-173,-22],[-172,16],[-160,-49],[-157,-74],[-122,-90],[-131,-146],[-85,-151],[-43,-95],[-18,-60],[-9,-73],[40,-233],[-2,-143],[-18,-112],[-36,-172],[-32,-101],[-95,-197],[-59,-94],[-47,-35],[-40,-9],[-38,16],[-35,35],[-64,88],[-38,112],[-139,305],[-136,209],[-32,22],[-42,0],[-30,-23],[-20,-40],[-156,-593],[-78,-351],[-10,-139],[-24,-126],[-3,-90],[7,-84],[36,-151],[89,-150],[86,-101],[101,-87],[139,-92],[59,-61],[84,-61],[96,-99],[39,-55],[36,-83],[44,-153],[36,-174],[12,-105],[66,-187],[54,-224]],[[57303,88246],[145,-157],[217,-160],[88,-79],[118,-167],[57,-136],[20,-81],[5,-313]],[[58365,86818],[98,109],[70,118],[89,98],[51,86],[52,56],[133,100],[116,60],[44,32],[90,43],[55,51],[72,85],[56,109],[20,82],[8,161],[25,158],[4,80]],[[61202,85586],[-41,206],[-94,226],[-85,167],[-33,91],[-14,77],[8,74],[31,60],[155,108],[66,86],[19,69],[7,82],[-4,82],[-21,91],[-60,90],[-210,120],[-44,45],[-27,49],[-18,100],[-4,384],[-26,138],[-41,89],[-53,54],[-401,232],[-155,154],[-87,167]],[[59348,88246],[195,76],[60,38],[280,326],[99,78]],[[60070,88627],[-88,137]],[[57953,88782],[141,-37],[173,-8],[152,-43],[82,4],[99,36],[63,8],[292,-30],[84,-43],[91,-85],[106,-148],[112,-190]],[[57430,88741],[93,43],[121,24],[309,-26]],[[59982,88764],[63,324],[-2,100],[-194,553],[-137,259]],[[58711,90129],[336,-197],[112,-44],[250,-11],[303,123]],[[58603,90162],[108,-33]],[[59712,90000],[22,434],[69,352],[20,180]],[[60029,92305],[86,400],[54,148],[278,424],[100,181],[208,277],[65,124],[29,97],[6,74],[-8,73],[-37,99],[-311,419],[-38,81],[-33,120],[-4,64],[42,165],[7,90],[-83,541],[8,168],[24,164],[-3,108],[-48,234],[-148,304],[-32,106],[-11,90],[15,90],[46,133],[177,372],[28,125],[-4,104],[-38,261],[-38,77],[-79,68],[-207,96],[-55,54],[-43,70],[-13,49],[1,68],[59,205]],[[57668,98793],[36,-101],[76,-140],[28,-97],[75,-183],[98,-379],[68,-93],[132,-103],[80,-82],[65,-115],[21,-96],[66,-788]],[[57480,98910],[188,-117]],[[53832,91081],[68,106],[74,165],[151,222],[47,105],[163,290],[33,82],[47,226],[35,268],[-3,102],[-18,82],[-48,93],[-235,292],[-27,57],[-11,73],[13,183],[69,375],[27,236],[79,352],[69,225],[33,210],[26,284],[32,183],[29,99],[31,45],[35,20],[268,6],[86,29],[51,46],[43,97],[45,166],[112,308],[61,227],[149,381],[28,116],[11,189],[21,92],[81,149],[76,100],[154,131],[162,110],[130,115],[235,143],[79,58],[155,175],[299,384],[98,76],[103,23],[90,45],[118,95],[89,103],[74,68],[58,25],[53,-3]],[[60029,98628],[108,30],[71,35],[155,126],[255,350],[93,199]],[[3805,87891],[18,132],[-69,473],[-108,385],[-63,139],[-185,329],[-65,151],[-142,221],[-96,188],[-160,346],[-95,239],[-67,119],[-79,203],[-71,132],[-75,198],[-117,199],[-214,202],[-85,46],[-89,26],[-182,29],[-109,1],[-239,-71],[-162,35],[-96,44],[-127,113],[-174,231],[-328,329],[-307,204],[-93,92],[-35,70],[-43,259],[-25,358],[-20,153],[2,184],[-22,204],[11,323],[-25,189],[1,176],[-67,524],[-3,453],[6,155],[35,190],[-7,251],[22,239],[-6,190],[29,628],[1,500],[-12,198],[25,228],[-7,186],[10,244],[-13,332],[36,340],[88,514]],[[59883,99969],[147,-92],[50,-68],[52,-166],[7,-86],[-19,-213],[-49,-301],[-51,-246],[9,-169]],[[57668,98793],[91,57],[128,-1],[79,-23],[173,-104],[112,-42],[259,-169],[100,-19],[69,28],[77,63],[110,124],[39,55],[42,89],[51,183],[38,250],[64,244],[38,96],[67,111],[134,143],[137,77],[126,39],[162,5],[119,-30]]],"transform":{"scale":[0.002833571955104965,0.0012397514478164782],"translate":[-141.48302940193767,-54.411175113683136]}}