{"type":"Topology","objects":{"Rivers":{"type":"GeometryCollection","crs":{"type":"name","properties":{"name":"urn:ogc:def:crs:OGC:1.3:CRS84"}},"geometries":[{"type":"LineString","properties":{"Id":0,"Name":"Lena","Name_Alt":null},"arcs":[0]},{"type":"LineString","properties":{"Id":0,"Name":"Mackenzie","Name_Alt":null},"arcs":[1]},{"type":"LineString","properties":{"Id":0,"Name":"Irtysh","Name_Alt":null},"arcs":[2]},{"type":"LineString","properties":{"Id":0,"Name":"Peace","Name_Alt":null},"arcs":[3]},{"type":"LineString","properties":{"Id":0,"Name":"Irtysh","Name_Alt":"Ertis"},"arcs":[4]},{"type":"LineString","properties":{"Id":0,"Name":"Danube","Name_Alt":null},"arcs":[5]},{"type":"LineString","properties":{"Id":0,"Name":"Irtysh","Name_Alt":"Ertix"},"arcs":[6]},{"type":"LineString","properties":{"Id":0,"Name":"Missouri","Name_Alt":null},"arcs":[7]},{"type":"LineString","properties":{"Id":0,"Name":"Nile","Name_Alt":null},"arcs":[8]},{"type":"LineString","properties":{"Id":0,"Name":"Tongtian","Name_Alt":null},"arcs":[9]},{"type":"LineString","properties":{"Id":0,"Name":"Brahmaputra","Name_Alt":"Yarlung"},"arcs":[10]},{"type":"LineString","properties":{"Id":0,"Name":"Brahmaputra","Name_Alt":null},"arcs":[11]},{"type":"LineString","properties":{"Id":0,"Name":"Mekong","Name_Alt":"Lancang"},"arcs":[12]},{"type":"LineString","properties":{"Id":0,"Name":"Amazonas","Name_Alt":null},"arcs":[13]},{"type":"LineString","properties":{"Id":0,"Name":"Congo","Name_Alt":null},"arcs":[14]},{"type":"LineString","properties":{"Id":0,"Name":"Lualaba","Name_Alt":null},"arcs":[15]},{"type":"LineString","properties":{"Id":0,"Name":"Ucayali","Name_Alt":null},"arcs":[16]},{"type":"LineString","properties":{"Id":0,"Name":"Paraguay","Name_Alt":null},"arcs":[17]},{"type":"LineString","properties":{"Id":0,"Name":"Paraná","Name_Alt":null},"arcs":[18]},{"type":"LineString","properties":{"Id":0,"Name":"Slave","Name_Alt":null},"arcs":[19]},{"type":"LineString","properties":{"Id":0,"Name":"Mississippi","Name_Alt":null},"arcs":[20]},{"type":"LineString","properties":{"Id":0,"Name":"Madison","Name_Alt":null},"arcs":[21]},{"type":"LineString","properties":{"Id":0,"Name":"Ob’","Name_Alt":null},"arcs":[22]},{"type":"LineString","properties":{"Id":0,"Name":"Yangtze","Name_Alt":null},"arcs":[23]},{"type":"LineString","properties":{"Id":0,"Name":"Yangtze","Name_Alt":"Chang Jiang"},"arcs":[24]},{"type":"LineString","properties":{"Id":0,"Name":"Yangtze","Name_Alt":"Jinsha"},"arcs":[25]},{"type":"LineString","properties":{"Id":0,"Name":"Tuotuo","Name_Alt":null},"arcs":[26]},{"type":"LineString","properties":{"Id":0,"Name":"Za","Name_Alt":null},"arcs":[27]},{"type":"LineString","properties":{"Id":0,"Name":"Dihang","Name_Alt":null},"arcs":[28]},{"type":"LineString","properties":{"Id":0,"Name":"Maquan","Name_Alt":"Damqogkanbab"},"arcs":[29]},{"type":"LineString","properties":{"Id":0,"Name":"Danube","Name_Alt":"Donau"},"arcs":[30]}]}},"arcs":[[[97169,99999],[476,-356],[193,-110],[326,-114],[220,-179],[86,-146],[80,-245],[92,-420],[107,-332],[25,-275],[-7,-98],[-47,-197],[-37,-116],[-73,-155],[-143,-195],[-88,-217],[-40,-71],[-418,-566],[-223,-346],[-270,-482],[-83,-199],[-84,-405],[7,-288],[-42,-297],[8,-176],[-9,-200],[65,-324],[91,-286],[206,-463],[220,-429],[233,-314],[145,-146],[130,-93],[118,-106],[76,-44],[115,-37],[210,-117],[132,-92],[178,-165],[458,-218],[142,-99],[54,-61],[73,-134],[66,-156],[40,-174],[22,-239],[-7,-210],[-18,-98],[-95,-222],[-124,-185],[-357,-357],[-117,-84],[-111,-58],[-346,-120],[-203,6],[-163,-63],[-188,42],[-147,-104],[-48,-15],[-145,23],[-223,86],[-264,58],[-312,-50],[-265,-105],[-264,-189],[-282,-154],[-327,-213],[-90,-38],[-200,-32],[-182,17],[-69,40],[-58,58],[-143,227],[-51,52],[-114,45],[-235,52],[-217,33],[-189,-1],[-165,-35],[-118,-79],[-65,-77],[-152,-231],[-103,-208],[-124,-298],[-92,-170],[-93,-212],[-122,-193],[-125,-158],[-212,-153],[-181,-97],[-175,-137],[-421,-153],[-327,-200],[-136,-105],[-132,-127],[-128,-82],[-96,-85],[-65,-82],[-107,-202],[-137,-432],[-131,-754],[-82,-220],[-140,-310],[-64,-231],[-90,-453],[-20,-266],[-1,-305],[57,-398],[63,-158],[62,-91],[54,-30],[132,-30],[85,9],[127,80],[82,181]],[[0,96577],[161,-386],[83,-247],[18,-125],[-5,-415],[28,-135],[43,-99],[101,-89],[226,-137],[261,-113],[440,-162],[297,-154],[82,-59],[86,-94],[75,-113],[149,-322],[155,-245],[172,-344],[65,-174],[103,-349],[41,-97],[56,-87],[273,-253],[201,-109],[189,-137],[377,-202],[93,-90],[318,-369],[457,-1018],[54,-174],[144,-647],[48,-113],[70,-106],[81,-83],[196,-137],[193,-98],[243,-61],[174,-23],[140,8],[159,-62],[194,-4]],[[76129,89383],[88,-105],[269,-187],[334,-171],[128,-99],[162,-189],[99,-166],[90,-123],[63,-122],[30,-90],[18,-130],[-37,-143],[-162,-245],[-106,-205],[-76,-115],[-60,-152],[-124,-219],[-67,-187],[-72,-384],[-13,-314],[30,-127],[102,-170],[92,-121],[43,-47],[63,-34],[104,-7],[442,54],[146,0],[305,-91],[176,-73],[122,-101],[182,-234],[342,-309],[118,-157],[37,-69],[25,-88],[8,-62],[-9,-67],[-105,-249],[-210,-355],[-52,-191],[0,-130],[41,-135],[160,-266],[194,-378],[120,-379],[54,-87],[68,-63]],[[9023,86962],[-32,-40],[-89,-50],[-206,-49],[-186,60],[-355,169],[-283,19],[-72,-21],[-61,-37],[-307,-307],[-201,-181],[-60,-105],[-225,-534],[-90,-169],[-50,-135],[-105,-555],[-55,-543],[-40,-169],[-37,-78],[-97,-157],[-99,-115],[-145,-112],[-84,-29],[-53,2],[-169,65],[-118,20],[-102,51],[-118,84],[-177,191],[-194,122],[-295,94],[-218,90],[-105,2],[-127,48],[-179,94],[-172,4],[-193,-29],[-116,11],[-57,55],[-29,87],[-2,206],[14,214],[-13,108]],[[79291,82101],[116,-91],[20,-26],[13,-37],[9,-94],[20,-93],[121,-223],[69,-236],[50,-326],[9,-150],[17,-97],[40,-149],[14,-104],[53,-180],[14,-104],[48,-144],[38,-105],[33,-64],[53,-181],[44,-93],[31,-97],[74,-137],[131,-201],[75,-76],[60,-41],[598,-312],[192,-139],[115,-110],[98,-41],[74,-52],[77,-72],[138,-74],[86,-7],[162,126],[164,64],[95,3],[126,-63],[151,-118],[103,-112],[62,-92],[46,-90],[25,-96],[6,-166],[-11,-143],[-20,-86],[-44,-129],[-157,-388],[-132,-420],[-23,-104],[-16,-116],[8,-100],[64,-177],[61,-100],[53,-30],[129,-29],[137,-6],[52,-21],[317,-253],[46,-68],[59,-97]],[[57359,76770],[120,-48],[66,-27],[384,-261],[2,-202],[29,-248],[5,-264],[15,-199],[-1,-213],[1,-3],[0,-2],[0,-2],[0,-3],[0,-2],[1,-2],[0,-3],[0,-2],[0,-2],[0,-2],[1,-3],[0,-2],[0,-2],[0,-2],[0,-3],[1,-2],[0,-2],[0,-2],[0,-3],[1,-2],[0,-2],[0,-2],[0,-3],[0,-2],[1,-2],[0,-2],[0,-2],[0,-3],[1,-2],[0,-2],[0,-2],[0,-2],[0,-3],[1,-2],[0,-2],[0,-2],[0,-2],[1,-2],[0,-3],[0,-2],[0,-2],[1,-2],[0,-2],[0,-2],[0,-2],[1,-2],[0,-3],[0,-2],[0,-2],[1,-2],[0,-2],[0,-2],[0,-2],[1,-2],[0,-2],[0,-2],[0,-2],[1,-2],[0,-2],[0,-2],[0,-2],[1,-2],[0,-2],[0,-2],[0,-3],[1,-2],[0,-2],[0,-2],[1,-2],[0,-1],[0,-2],[0,-2],[1,-2],[0,-2],[0,-2],[0,-2],[1,-2],[0,-2],[0,-2],[1,-2],[0,-2],[0,-2],[0,-2],[1,-2],[0,-2],[0,-2],[1,-1],[0,-2],[0,-2],[1,-2],[0,-2],[0,-2],[0,-2],[1,-2],[0,-1],[0,-2],[1,-2],[0,-2],[0,-2],[0,-2],[1,-1],[0,-2],[0,-2],[1,-2],[0,-2],[0,-1],[1,-2],[0,-2],[0,-2],[1,-2],[0,-1],[0,-2],[1,-2],[0,-2],[0,-1],[1,-2],[0,-2],[0,-1],[0,-2],[1,-2],[0,-2],[0,-1],[1,-2],[0,-2],[0,-1],[1,-2],[0,-2],[0,-1],[1,-2],[0,-2],[0,-1],[1,-2],[0,-2],[0,-1],[1,-2],[0,-2],[1,-1],[0,-2],[0,-1],[1,-2],[0,-2],[0,-1],[1,-2],[0,-1],[0,-2],[1,-2],[0,-1],[0,-2],[1,-1],[0,-2],[0,-1],[1,-2],[0,-1],[1,-2],[0,-1],[0,-2],[1,-1],[0,-2],[0,-1],[1,-2],[0,-1],[0,-2],[1,-1],[0,-2],[1,-1],[0,-1],[0,-2],[1,-1],[0,-2],[0,-1],[1,-2],[0,-1],[1,-1],[0,-2],[0,-1],[1,-1],[0,-2],[0,-1],[1,-1],[0,-2],[1,-1],[0,-1],[0,-2],[1,-1],[0,-1],[0,-2],[1,-1],[0,-1],[1,-2],[0,-1],[0,-1],[1,-1],[0,-2],[1,-1],[0,-1],[0,-1],[1,-1],[0,-2],[1,-1],[0,-1],[0,-1],[1,-1],[0,-2],[1,-1],[0,-1],[0,-1],[1,-1],[0,-1],[1,-1],[0,-1],[0,-2],[1,-1],[0,-1],[1,-1],[0,-1],[0,-1],[1,-1],[0,-1],[1,-1],[0,-1],[0,-1],[1,-1],[0,-1],[1,-1],[0,-1],[0,-1],[1,-1],[0,-1],[1,-1],[0,-1],[0,-1],[1,-1],[0,-1],[1,-1],[0,-1],[1,-1],[0,-1],[1,-1],[0,-1],[0,-1],[1,0],[0,-1],[1,-1],[0,-1],[1,-1],[0,-1],[1,-1],[0,-1],[1,0],[0,-1],[0,-1],[1,0],[0,-1],[0,-1],[1,-1],[1,-1],[0,-1],[1,-1],[0,-1],[1,-1],[1,-1],[1,-1],[0,-1],[1,-1],[0,-1],[1,-1],[0,-1],[1,-1],[0,-1],[1,-1],[0,-1],[1,-1],[1,-1],[0,-1],[1,-1],[0,-1],[1,-1],[0,-1],[1,-1],[0,-1],[1,-1],[0,-1],[1,-1],[1,-1],[0,-1],[1,-1],[0,-1],[1,-1],[0,-1],[1,-1],[0,-1],[1,-1],[1,-1],[0,-1],[1,-1],[0,-1],[1,-1],[0,-1],[1,-1],[0,-1],[1,-1],[0,-1],[1,-1],[0,-1],[0,-1],[1,-1],[0,-1],[1,-1],[1,-1],[0,-1],[1,-1],[0,-1],[1,-1],[0,-1],[1,-1],[0,-1],[1,-1],[0,-1],[1,-1],[0,-1],[1,-1],[0,-1],[1,-1],[0,-1],[0,-1],[1,-1],[0,-1],[1,-1],[0,-1],[1,-1],[0,-1],[1,-1],[0,-1],[1,-1],[0,-1],[0,-1],[1,0],[0,-1],[1,-1],[0,-1],[1,-1],[0,-1],[1,-1],[0,-1],[0,-1],[1,-1],[0,-1],[1,-1],[0,-1],[1,-1],[0,-1],[0,-1],[1,-1],[0,-1],[1,-1],[0,-1],[0,-1],[1,-1],[0,-1],[1,-1],[0,-1],[1,-1],[0,-1],[0,-1],[1,-1],[0,-1],[1,-1],[0,-1],[1,-1],[0,-1],[1,-1],[0,-1],[0,-1],[1,-1],[0,-1],[0,-1],[1,-1],[0,-1],[0,-1],[1,0],[0,-1],[0,-1],[1,-1],[0,-1],[0,-1],[1,0],[0,-1],[0,-1],[0,-1],[1,0],[0,-1],[0,-1],[0,-1],[1,0],[0,-1],[0,-1],[0,-1],[1,-1],[0,-1],[0,-1],[1,-1],[0,-1],[0,-1],[1,-1],[0,-1],[0,-1],[0,-1],[1,-1],[0,-1],[0,-1],[0,-1],[1,0],[0,-1],[0,-1],[0,-1],[1,-1],[0,-1],[0,-1],[0,-1],[1,-1],[0,-1],[0,-1],[1,-2],[0,-2],[1,-2],[0,-2],[1,-2],[0,-2],[1,-2],[0,-1],[1,-2],[0,-2],[1,-2],[0,-2],[0,-2],[1,-2],[0,-2],[1,-2],[1,-3],[0,-2],[1,-2],[0,-2],[1,-2],[0,-2],[1,-2],[0,-3],[1,-2],[0,-2],[1,-2],[0,-3],[1,-4],[1,-4],[1,-4],[2,-10],[1,-5],[2,-5],[0,-4],[1,-2],[0,-2],[1,-2],[0,-1],[1,-2],[0,-2],[0,-1],[1,-2],[0,-2],[1,-1],[0,-2],[0,-1],[1,-2],[0,-1],[0,-2],[1,-1],[0,-1],[0,-1],[1,-2],[0,-1],[0,-1],[0,-1],[1,-1],[0,-1],[63,-412],[5,-394],[130,-106],[92,-35],[204,-12],[145,-31],[184,-78],[121,-13],[54,-25],[108,-177],[36,-82],[47,-142],[12,-110],[106,-34],[290,-197],[299,-307],[54,-39],[51,-17],[93,36],[70,81],[135,180],[132,263],[37,57],[34,28],[83,-2],[130,-93],[90,-39],[256,-7],[8,295],[105,490],[23,146],[79,-52],[111,-34],[346,-8],[55,-32],[51,-54]],[[83284,75434],[93,-54],[100,-34],[48,9],[59,45],[39,68],[28,87],[32,178],[24,186],[25,113],[53,93],[74,44],[49,-1],[43,-28],[193,-186],[64,-48],[127,-162],[101,-63],[179,-65],[72,-4],[98,41],[71,76]],[[8942,74731],[-91,162],[-34,114],[-11,84],[10,115],[45,199],[135,287],[35,159],[-3,96],[-19,92],[-25,83],[-50,108],[-30,91],[-5,54],[6,55],[25,66],[52,80],[85,88],[71,46],[56,17],[210,9],[143,-10],[204,-84],[39,-34],[119,-153],[97,-148],[204,-262],[133,-106],[59,-25],[79,43],[109,145],[182,193],[127,241],[63,94],[291,195],[60,8],[185,-89],[269,-156],[158,-11],[94,-23],[193,-5],[149,-41],[152,-115],[201,-204],[291,-263],[301,-373],[65,-170],[25,-177],[-3,-175],[-26,-184],[-22,-344],[-6,-646],[25,-188],[42,-124],[136,-295],[86,-147],[133,-393],[55,-227],[32,-214],[10,-246],[40,-193],[31,-56],[318,-438],[85,-169],[148,-247],[93,-187],[32,-123],[31,-174],[139,-378],[70,-315],[139,-472],[28,-170],[13,-215],[25,-201],[9,-443],[22,-134],[27,-92],[66,-109],[110,-74],[67,-27],[161,-16],[108,-43],[218,28],[154,52],[195,9],[118,23],[161,-52],[211,-6]],[[62631,61175],[14,-144],[6,-263],[17,-230],[45,-386],[18,-434],[3,-399],[11,-273],[-34,-282],[-30,-130],[-44,-81],[-106,-122],[-56,-121],[-13,-101],[-12,-349],[36,-296],[21,-99],[70,-214],[92,-511],[169,-478],[30,-135],[16,-126],[0,-179],[-11,-86],[-51,-213],[-2,-179],[29,-196],[145,-549],[40,-276],[21,-305],[-3,-325],[-22,-167],[-49,-176],[-152,-296],[-68,-235],[-22,-121],[-18,-202],[-32,-240],[-44,-136],[-87,-268],[-30,-137],[-112,-266],[-95,-323],[-20,-103],[-39,-361],[-3,-449],[7,-144],[45,-322],[98,-491],[59,-425],[53,-293],[43,-146],[57,-117],[29,-33],[38,-9],[77,66],[270,476],[91,191],[107,324],[118,460],[49,151],[83,361],[64,128],[63,42],[72,-2],[138,-98],[78,-76],[60,-79],[39,-82],[47,-149],[24,-145],[-5,-242],[-69,-307],[-125,-427],[-153,-445],[-72,-177],[-29,-119],[-30,-175],[-44,-509],[-27,-148],[-118,-350],[-102,-241],[-127,-228],[-30,-80],[-12,-71],[-4,-329],[20,-349],[58,-441],[23,-314],[1,-386],[-16,-298],[2,-182],[59,-362],[13,-282],[44,-484],[-56,-192],[-19,-103],[-15,-434],[-48,-435],[-37,-183],[-37,-125],[-47,-105],[-115,-112],[-136,-100],[-99,-13],[-80,-254],[-177,-295],[-134,-340],[-79,-435],[-17,-193],[17,-183],[37,-171],[62,-139],[123,-345],[193,-388],[180,-442],[102,-478],[11,-185],[-5,-300],[-19,-200],[-75,-482],[-21,-641],[2,-65],[3,-42],[17,-88],[19,-79],[16,-81],[5,-83],[-11,-120],[8,-340],[-5,-171],[20,-148],[54,-163],[167,-388],[143,-295],[103,-297],[63,-241],[107,-346],[30,-262],[3,-217]],[[86401,63670],[217,324],[90,65],[78,18],[79,-15],[63,-49],[181,-297],[149,-347],[163,-278],[290,-558],[159,-438],[51,-172],[187,-410],[90,-246],[36,-183],[10,-239],[25,-207],[5,-496],[20,-308]],[[83020,59595],[192,-160],[208,-238],[120,-97],[337,-14],[161,-27],[206,86],[166,37],[76,-3],[96,-38],[143,-93],[269,-307],[183,-113],[134,-1],[100,-29],[59,4],[229,103],[157,109],[172,58],[85,72],[99,178],[60,75],[69,38],[133,107],[68,33],[137,37],[145,19]],[[86653,56760],[-27,-82],[-90,-150],[-129,-159],[-215,-143],[-187,-65],[-203,-19],[-168,-52],[-160,-5],[-1,0],[-1,0],[-1,0],[-1,0],[-1,0],[-1,0],[-1,-1],[-1,0],[-1,0],[-1,0],[-1,0],[-1,0],[-1,0],[-1,0],[-1,0],[-1,0],[-1,0],[-1,0],[-1,0],[-1,0],[-1,0],[-1,-1],[-1,0],[-1,0],[-1,0],[-1,0],[-1,0],[-1,0],[-1,0],[-1,0],[-1,0],[-1,-1],[-1,0],[-1,0],[-1,0],[-1,0],[-1,0],[-1,0],[-1,0],[-1,-1],[-1,0],[-1,0],[-1,0],[-1,0],[-1,0],[-1,-1],[-1,0],[-1,0],[-1,0],[-1,0],[-1,0],[0,-1],[-1,0],[-1,0],[-1,0],[-1,0],[-1,-1],[-1,0],[-1,0],[-1,0],[-1,0],[-1,-1],[-1,0],[-1,0],[-1,0],[-1,-1],[-1,0],[-1,0],[-1,0],[0,-1],[-1,0],[-1,0],[-1,0],[-1,-1],[-1,0],[-1,0],[-1,-1],[-1,0],[-1,0],[-1,0],[0,-1],[-1,0],[-1,0],[-1,0],[0,-1],[-1,0],[-1,0],[-1,-1],[-1,0],[-1,0],[-1,-1],[-1,0],[-1,-1],[-1,0],[-1,0],[0,-1],[-1,0],[-1,0],[0,-1],[-1,0],[-1,0],[-1,-1],[-1,0],[-1,-1],[-1,0],[-1,-1],[-1,0],[-1,-1],[-1,0],[-1,-1],[-1,0],[0,-1],[-1,0],[-1,0],[0,-1],[-1,0],[-1,-1],[-1,0],[-1,-1],[-1,0],[0,-1],[-1,0],[-1,-1],[-1,0],[0,-1],[-1,0],[-1,-1],[-1,0],[0,-1],[-1,0],[-1,-1],[-1,0],[0,-1],[-1,0],[-1,-1],[-1,-1],[-1,0],[0,-1],[-1,0],[-1,-1],[-1,-1],[-1,-1],[-1,-1],[-1,0],[0,-1],[-1,0],[0,-1],[-1,0],[-1,-1],[-1,-1],[-1,-1],[-1,-1],[-1,-1],[-1,0],[-1,-1],[-1,-1],[0,-1],[-1,0],[-1,-1],[-1,-1],[-1,-1],[-1,-1],[0,-1],[-1,0],[-1,-1],[-1,-1],[0,-1],[-1,0],[-1,-1],[-1,-1],[-1,-1],[-1,-2],[-2,-1],[-1,-2],[-4,-4],[-2,-1],[-1,-1],[-1,-1],[-1,-2],[-1,-1],[-1,-1],[-1,-1],[-1,-1],[-1,-1],[-1,-1],[-1,-1],[-1,-1],[-1,-1],[-1,0],[-1,-1],[-1,-1],[0,-1],[-1,0],[0,-1],[-1,0],[0,-1],[-1,0],[0,-1],[-1,0],[-1,-1],[-1,-1],[-1,-1],[-1,0],[0,-1],[-1,0],[0,-1],[-1,-1],[-1,0],[0,-1],[-1,0],[0,-1],[-1,0],[-2,-1],[-1,-1],[-1,-1],[-1,-1],[-1,-2],[-2,-1],[-1,-1],[-1,-1],[-1,-1],[-2,-1],[-1,-1],[-1,-1],[-1,-1],[-2,-1],[-1,-1],[-1,-1],[-1,-1],[-2,-1],[-1,-1],[-1,-2],[-1,-1],[-2,-1],[-1,-1],[-1,-1],[-1,-1],[-2,-1],[-1,-1],[-1,-1],[-1,-1],[-2,-2],[-1,-1],[-1,-1],[-1,-1],[-2,-1],[-1,-1],[-1,-1],[-1,-2],[-1,-1],[-2,-1],[-1,-1],[-1,-1],[-1,-1],[-2,-1],[-1,-2],[-1,-1],[-1,-1],[-2,-1],[-1,-1],[-1,-1],[-1,-2],[-1,-1],[-2,-1],[-1,-1],[-1,-1],[-1,-2],[-2,-1],[-1,-1],[-1,-1],[-1,-1],[-1,-2],[-2,-1],[-1,-1],[-1,-1],[-1,-1],[-2,-2],[-1,-1],[-1,-1],[-1,-1],[-1,-2],[-2,-1],[-1,-1],[-1,-1],[-1,-1],[-1,-2],[-2,-1],[-1,-1],[-1,-1],[-1,-2],[-1,-1],[-2,-1],[-1,-2],[-1,-1],[-1,-1],[-1,-1],[-2,-2],[-1,-1],[-1,-1],[-1,-1],[-1,-2],[-2,-1],[-1,-1],[-1,-2],[-1,-1],[-1,-1],[-2,-2],[-1,-1],[-1,-1],[-1,-1],[-1,-2],[-2,-1],[-1,-1],[-1,-2],[-1,-1],[-1,-1],[-1,-2],[-2,-1],[-1,-1],[-1,-2],[-1,-1],[-1,-1],[-2,-2],[-1,-1],[-1,-1],[-1,-2],[-1,-1],[-1,-1],[-2,-2],[-1,-1],[-1,-2],[-1,-1],[-1,-1],[-1,-2],[-2,-1],[-1,-1],[-1,-2],[-1,-1],[-1,-2],[-1,-1],[-2,-1],[-1,-2],[-1,-2],[-1,-1],[-2,-2],[-1,-1],[-1,-2],[-2,-1],[-1,-2],[-1,-2],[-1,-1],[-2,-2],[-1,-1],[-1,-2],[-2,-1],[-1,-2],[-1,-2],[-1,-1],[-2,-2],[-1,-1],[-1,-2],[-1,-2],[-2,-1],[-1,-2],[-1,-1],[-1,-2],[-2,-2],[-1,-1],[-1,-2],[-1,-2],[-2,-1],[-1,-2],[-1,-2],[-1,-1],[-2,-2],[-1,-1],[-1,-2],[-1,-2],[-2,-1],[-1,-2],[-1,-2],[-1,-1],[-1,-2],[-2,-2],[-1,-1],[-1,-2],[-1,-2],[-2,-1],[-1,-2],[-1,-2],[-1,-1],[-1,-2],[-2,-2],[-1,-1],[-1,-2],[-1,-2],[-1,-1],[-2,-2],[-1,-2],[-1,-2],[-1,-1],[-1,-2],[-2,-2],[-1,-1],[-1,-2],[-1,-2],[-1,-2],[-2,-1],[-1,-2],[-1,-2],[-1,-1],[-1,-2],[-2,-2],[-1,-2],[-1,-1],[-1,-2],[-1,-2],[-1,-2],[-2,-1],[-1,-2],[-1,-2],[-1,-2],[-1,-1],[-1,-2],[-1,-2],[-2,-2],[-1,-1],[-1,-2],[-1,-2],[-1,-2],[-1,-1],[-1,-2],[-2,-2],[-1,-2],[-1,-1],[-1,-2],[-1,-2],[-1,-2],[-1,-1],[-2,-2],[-1,-2],[-1,-2],[-1,-2],[-1,-1],[-1,-2],[-1,-2],[-1,-2],[-1,-2],[-2,-1],[-1,-2],[-1,-2],[-1,-2],[-1,-2],[-1,-1],[-1,-2],[-1,-2],[-1,-2],[-1,-2],[-2,-1],[-1,-2],[-1,-2],[-1,-2],[-1,-2],[-1,-2],[-1,-1],[-1,-2],[-1,-2],[-1,-2],[-4,-6],[-6,-11],[-2,-4],[-3,-5],[-3,-4],[-1,-2],[-1,-2],[-2,-3],[-1,-2],[-1,-2],[-1,-2],[-1,-2],[-2,-2],[-1,-2],[-1,-2],[-1,-3],[-1,-2],[-2,-2],[-1,-2],[-1,-2],[-1,-2],[-1,-2],[-1,-2],[-1,-1],[-1,-2],[-1,-2],[-1,-2],[-1,-2],[-1,-2],[-2,-2],[-1,-2],[-1,-1],[-1,-2],[-1,-2],[-1,-2],[-1,-2],[-1,-2],[-1,-2],[-1,-1],[-1,-2],[-1,-2],[-1,-2],[-1,-2],[0,-1],[-1,-2],[-1,-2],[-1,-2],[-1,-1],[-1,-2],[-1,-2],[-1,-2],[-1,-1],[-1,-2],[0,-2],[-1,-1],[-1,-2],[-1,-2],[-1,-2],[-1,-1],[-1,-2],[0,-2],[-1,-1],[-1,-2],[-1,-2],[-1,-2],[-1,-1],[-1,-2],[0,-2],[-1,-2],[-1,-1],[-1,-2],[-1,-2],[0,-1],[-1,-2],[-1,-2],[-1,-2],[-1,-1],[0,-2],[-1,-2],[-1,-1],[-1,-2],[0,-2],[-1,-1],[-1,-2],[-1,-2],[0,-1],[-1,-2],[-1,-2],[-1,-1],[0,-2],[-1,-2],[-1,-1],[0,-2],[-1,-2],[-1,-1],[0,-2],[-1,-2],[-1,-1],[0,-2],[-1,-2],[-1,-1],[0,-2],[-1,-2],[-1,-1],[0,-2],[-1,-2],[-1,-1],[0,-2],[-1,-2],[-1,-1],[0,-2],[-1,-2],[0,-1],[-1,-2],[-1,-2],[0,-1],[-1,-2],[0,-2],[-1,-1],[-1,-2],[0,-1],[-1,-2],[0,-2],[-1,-1],[0,-2],[-1,-3],[-1,-3],[-1,-3],[-1,-3],[-1,-3],[-1,-3],[-1,-3],[-1,-2],[-1,-3],[-1,-3],[-1,-3],[-1,-3],[-1,-2],[-1,-3],[0,-3],[-1,-2],[-1,-3],[-1,-3],[-1,-2],[-1,-3],[0,-3],[-1,-2],[-1,-3],[-1,-2],[0,-2],[-1,-1],[0,-1],[0,-1],[-1,-2],[0,-1],[0,-1],[-1,-1],[0,-2],[-1,-1],[0,-1],[0,-2],[-1,-1],[0,-1],[0,-1],[-1,-2],[0,-1],[0,-1],[-1,-1],[0,-1],[-1,-2],[0,-1],[0,-1],[-1,-1],[0,-2],[0,-1],[-1,-1],[0,-1],[0,-2],[-1,-1],[0,-1],[0,-1],[-1,-1],[0,-2],[0,-1],[-1,-1],[0,-1],[0,-1],[-1,-2],[0,-1],[0,-1],[-1,-1],[0,-1],[0,-2],[0,-1],[-1,-1],[0,-1],[0,-1],[-1,-2],[0,-1],[0,-1],[-1,-1],[0,-1],[0,-1],[0,-2],[-1,-1],[0,-1],[0,-1],[-1,-1],[0,-2],[0,-1],[0,-1],[-1,-1],[0,-1],[0,-1],[-1,-1],[0,-2],[0,-1],[0,-1],[-1,-1],[0,-1],[0,-1],[0,-2],[-1,-1],[0,-1],[0,-1],[-1,-1],[0,-1],[0,-1],[0,-2],[-1,-1],[0,-1],[0,-1],[0,-1],[-1,-1],[0,-1],[0,-2],[0,-1],[0,-1],[-1,-1],[0,-1],[0,-1],[0,-1],[-1,-1],[0,-2],[0,-1],[0,-1],[-1,-1],[0,-1],[0,-1],[0,-1],[0,-1],[-1,-2],[0,-1],[0,-1],[0,-1],[-1,-1],[0,-1],[0,-1],[0,-1],[0,-1],[-1,-2],[0,-1],[0,-1],[0,-1],[0,-1],[-1,-1],[0,-1],[0,-1],[0,-1],[0,-1],[-1,-2],[0,-1],[0,-1],[0,-1],[0,-1],[0,-1],[-1,-1],[0,-1],[0,-1],[0,-1],[0,-1],[-1,-1],[0,-2],[0,-1],[0,-1],[0,-1],[0,-1],[0,-1],[-1,-1],[0,-1],[0,-1],[0,-1],[0,-1],[0,-1],[-1,-1],[0,-1],[0,-2],[0,-1],[0,-1],[0,-1],[0,-1],[-1,-1],[0,-1],[0,-1],[0,-1],[0,-1],[0,-1],[0,-1],[-1,-1],[0,-1],[0,-1],[0,-1],[0,-1],[0,-2],[0,-1],[0,-1],[-1,-1],[0,-1],[0,-1],[0,-1],[0,-1],[0,-1],[0,-1],[0,-1],[0,-1],[0,-1],[-1,-1],[0,-1],[0,-1],[0,-1],[0,-1],[0,-1],[0,-1],[0,-1],[0,-1],[0,-1],[-1,-1],[0,-1],[0,-1],[0,-1],[0,-1],[0,-1],[0,-1],[0,-1],[0,-1],[0,-1],[0,-2],[0,-1],[0,-1],[0,-1],[-1,-1],[0,-1],[0,-1],[0,-1],[0,-1],[0,-1],[0,-1],[0,-1],[0,-1],[0,-1],[0,-1],[0,-1],[0,-2],[0,-1],[0,-1],[0,-1],[0,-1],[0,-2],[-1,-1],[0,-1],[0,-1],[0,-1],[0,-2],[0,-1],[0,-1],[0,-1],[0,-1],[0,-2],[0,-1],[0,-1],[0,-1],[0,-1],[0,-2],[0,-1],[0,-1],[0,-1],[0,-2],[0,-1],[0,-1],[0,-1],[0,-1],[0,-2],[0,-1],[0,-1],[0,-1],[0,-2],[0,-1],[0,-1],[0,-1],[0,-1],[0,-2],[0,-1],[0,-1],[0,-1],[0,-2],[0,-1],[0,-1],[0,-1],[0,-2],[0,-1],[0,-1],[0,-1],[0,-2],[0,-1],[0,-1],[0,-1],[0,-2],[0,-1],[0,-1],[0,-1],[0,-2],[0,-1],[0,-1],[0,-1],[0,-2],[0,-1],[0,-1],[0,-1],[0,-1],[0,-2],[0,-1],[0,-1],[0,-1],[0,-2],[0,-1],[0,-1],[0,-1],[1,-2],[0,-1],[0,-1],[0,-1],[0,-2],[0,-1],[0,-1],[0,-1],[0,-2],[0,-1],[0,-1],[0,-1],[0,-1],[0,-2],[0,-1],[0,-1],[0,-1],[1,-2],[0,-1],[0,-1],[0,-1],[0,-2],[0,-1],[0,-1],[0,-1],[0,-1],[0,-2],[0,-1],[0,-1],[0,-1],[1,-1],[0,-2],[0,-1],[0,-1],[0,-1],[0,-1],[0,-2],[0,-1],[0,-1],[0,-1],[1,-1],[0,-2],[0,-1],[0,-1],[0,-1],[0,-1],[0,-2],[0,-1],[0,-1],[1,-1],[0,-1],[0,-1],[0,-1],[0,-1],[0,-1],[0,-1],[0,-1],[0,-1],[1,-1],[0,-1],[0,-1],[0,-1],[0,-1],[0,-1],[0,-1],[0,-1],[1,-1],[0,-1],[0,-1],[0,-1],[0,-1],[0,-1],[1,-1],[0,-1],[0,-1],[0,-1],[0,-1],[0,-1],[0,-1],[1,-1],[0,-1],[0,-1],[0,-1],[0,-1],[1,-1],[0,-1],[0,-1],[0,-1],[0,-1],[0,-1],[1,-1],[0,-1],[0,-1],[0,-1],[0,-1],[1,-1],[0,-1],[0,-1],[0,-1],[0,-1],[1,-1],[0,-1],[0,-1],[0,-1],[1,-1],[0,-1],[0,-1],[0,-1],[1,-1],[0,-1],[0,-1],[0,-1],[0,-1],[1,-1],[0,-1],[0,-1],[0,-1],[1,-1],[0,-1],[0,-1],[0,-1],[1,-1],[0,-1],[0,-1],[0,-1],[1,-1],[0,-1],[0,-1],[0,-1],[1,-1],[0,-1],[0,-1],[0,-1],[1,-1],[0,-1],[0,-1],[1,-1],[0,-1],[0,-2],[1,-2],[1,-2],[0,-3],[1,-2],[0,-2],[1,-2],[1,-2],[0,-3],[1,-2],[1,-2],[0,-2],[1,-3],[1,-2],[2,-9],[1,-4],[1,-3],[1,-4],[1,-1],[0,-2],[1,-2],[0,-2],[1,-1],[0,-2],[1,-2],[0,-1],[1,-2],[0,-2],[1,-2],[0,-2],[1,-1],[0,-2],[0,-2],[1,-2],[0,-1],[1,-2],[0,-1],[1,-2],[0,-2],[0,-1],[1,-2],[0,-1],[0,-1],[1,-1],[0,-1],[0,-1],[0,-1],[1,-1],[0,-1],[0,-1],[0,-1],[0,-1],[1,-1],[0,-1],[0,-1],[0,-1],[0,-1],[1,0],[0,-1],[0,-1],[0,-1],[0,-1],[1,-1],[0,-1],[0,-1],[0,-1],[1,-1],[0,-1],[0,-1],[0,-1],[0,-1],[0,-1],[1,-1],[0,-1],[0,-1],[0,-1],[0,-1],[1,-1],[0,-1],[0,-1],[0,-1],[0,-1],[1,-1],[0,-1],[0,-1],[0,-1],[0,-1],[0,-1],[1,-1],[0,-1],[0,-1],[0,-1],[0,-1],[0,-1],[1,-1],[0,-1],[0,-1],[0,-1],[0,-1],[0,-2],[0,-2],[1,-1],[0,-2],[0,-1],[0,-2],[1,-2],[0,-1],[0,-2],[0,-2],[0,-2],[1,-1],[0,-2],[0,-2],[0,-2],[0,-1],[1,-2],[0,-2],[0,-2],[0,-1],[0,-2],[1,-2],[0,-2],[0,-2],[0,-1],[0,-2],[1,-2],[0,-2],[0,-2],[0,-2],[0,-2],[1,-1],[0,-2],[0,-2],[0,-2],[0,-2],[1,-2],[0,-2],[0,-2],[0,-2],[0,-2],[0,-2],[1,-2],[0,-2],[0,-1],[0,-2],[0,-2],[0,-2],[1,-2],[0,-2],[0,-2],[0,-2],[0,-2],[1,-2],[0,-2],[0,-2],[0,-2],[0,-2],[0,-2],[1,-2],[0,-2],[0,-2],[0,-2],[0,-3],[0,-2],[0,-2],[1,-2],[0,-2],[0,-2],[0,-2],[0,-2],[0,-2],[0,-2],[1,-2],[0,-2],[0,-2],[0,-2],[0,-2],[0,-2],[0,-2],[1,-2],[0,-2],[0,-2],[0,-3],[0,-2],[0,-2],[0,-2],[0,-2],[1,-2],[0,-2],[0,-2],[0,-2],[0,-2],[0,-2],[0,-2],[0,-2],[0,-2],[1,-2],[0,-3],[0,-2],[0,-2],[0,-2],[0,-2],[0,-2],[0,-2],[0,-2],[1,-2],[0,-2],[0,-2],[0,-2],[0,-2],[0,-2],[0,-2],[0,-2],[0,-2],[0,-2],[0,-3],[0,-2],[1,-2],[0,-2],[0,-2],[0,-2],[0,-2],[0,-2],[0,-2],[0,-2],[0,-2],[0,-2],[0,-2],[0,-2],[0,-2],[0,-2],[0,-2],[0,-2],[1,-2],[0,-1],[0,-2],[0,-2],[0,-2],[0,-2],[0,-2],[0,-2],[0,-2],[0,-2],[0,-2],[0,-2],[0,-2],[0,-2],[0,-1],[0,-2],[0,-2],[0,-2],[0,-2],[0,-2],[0,-2],[0,-2],[0,-2],[0,-1],[0,-2],[0,-2],[0,-2],[0,-2],[0,-2],[0,-2],[0,-1],[0,-2],[0,-2],[0,-2],[0,-2],[0,-2],[0,-1],[0,-2],[0,-2],[0,-2],[0,-2],[0,-1],[0,-2],[0,-2],[0,-2],[0,-1],[0,-2],[0,-2],[0,-2],[0,-1],[0,-2],[0,-2],[0,-2],[0,-1],[0,-2],[0,-2],[0,-1],[0,-2],[0,-2],[0,-2],[0,-1],[0,-2],[0,-2],[0,-1],[-1,-2],[0,-2],[0,-1],[0,-2],[0,-2],[0,-1],[0,-2],[0,-1],[0,-2],[0,-2],[0,-1],[0,-2],[0,-1],[0,-2],[0,-2],[0,-1],[-1,-2],[0,-1],[0,-2],[0,-1],[0,-2],[0,-2],[0,-1],[0,-2],[0,-1],[0,-2],[0,-1],[0,-2],[-1,-1],[0,-2],[0,-1],[0,-2],[0,-1],[0,-2],[0,-1],[0,-1],[0,-2],[0,-1],[-1,-2],[0,-1],[0,-2],[0,-1],[0,-1],[0,-2],[0,-1],[0,-2],[0,-1],[-1,-1],[0,-2],[0,-1],[0,-1],[0,-2],[0,-1],[0,-2],[0,-1],[-1,-1],[0,-1],[0,-2],[-34,-263],[4,-251],[36,-234],[186,-840],[109,-304],[33,-187]],[[87424,61465],[80,-366],[55,-145],[182,-352],[34,-99],[120,-634],[50,-313],[67,-441],[13,-167],[55,-378],[12,-147],[23,-115],[28,-215],[52,-164],[28,-222],[73,-359],[82,-261],[23,-199],[160,-448],[199,-782],[30,-77],[108,-218],[85,-150],[46,-118],[17,-69],[3,-134],[-16,-125],[-37,-182],[-114,-405],[-80,-507],[-5,-144],[5,-81],[38,-246],[13,-157],[19,-100],[152,-454],[65,-131],[46,-62],[-22,-130],[-79,-237],[-60,-106],[-37,-43],[-39,-24],[-36,-150],[-120,-344],[-64,-318],[154,-228],[349,-446],[75,-140],[47,-136],[15,-138],[-13,-202],[-96,-723],[-19,-236],[7,-225],[24,-99],[43,-29],[156,16],[242,160],[165,8],[162,-95],[97,-116],[73,-137],[179,-673],[94,-281],[99,-448],[158,-922],[44,-350],[73,-339],[39,-353],[46,-706],[-14,-263],[-41,-221],[-206,-809],[-65,-359],[-8,-98],[1,-104],[16,-108],[134,-469],[23,-133],[86,-311],[71,-196],[83,-169],[143,-197]],[[31848,31527],[-437,-500],[-314,-629],[-150,-202],[-94,-61],[-99,-5],[-227,78],[-98,51],[-163,35],[-67,-53],[-102,-191],[-109,-167],[-103,-98],[-113,-42],[-74,9],[-141,50],[-108,-38],[-490,-421],[-144,-217],[-158,-276],[-155,-201],[-98,-172],[-103,-113],[-136,-82],[-204,-54],[-196,-88],[-88,-5],[-62,17],[-194,142],[-159,177],[-253,212],[-171,133],[-170,106],[-102,110],[-125,164],[-119,122],[-170,134],[-151,32],[-210,-29],[-138,-100],[-136,-128],[-157,-259],[-186,-212],[-115,-85],[-148,-138],[-79,-42],[-82,-8],[-58,14],[-72,77],[-1,0],[0,-1],[0,-1],[0,-1],[-1,-1],[0,-1],[0,-1],[0,-1],[-1,-1],[0,-1],[0,-1],[-1,-1],[0,-1],[0,-1],[-1,0],[0,-1],[0,-1],[0,-1],[-1,0],[0,-1],[0,-1],[-1,-1],[0,-1],[0,-1],[-1,-1],[0,-1],[-1,-1],[0,-1],[0,-1],[-1,-1],[0,-1],[-1,-1],[0,-1],[-1,-1],[0,-1],[0,-1],[-1,0],[0,-1],[0,-1],[-1,-1],[-1,-1],[0,-1],[0,-1],[-1,0],[0,-1],[-1,-1],[0,-1],[-1,-1],[0,-1],[-1,-1],[0,-1],[-1,-1],[0,-1],[-1,0],[0,-1],[-1,-1],[0,-1],[-1,-1],[0,-1],[-1,0],[0,-1],[-1,-1],[-1,-1],[0,-1],[-1,-1],[0,-1],[-1,-1],[-1,-1],[0,-1],[-1,-1],[-1,-1],[-1,-1],[-1,-1],[0,-1],[-1,-1],[-1,-1],[0,-1],[-1,0],[0,-1],[-1,-1],[0,-1],[-1,0],[-1,-1],[0,-1],[-1,0],[0,-1],[-1,-1],[-1,-1],[-1,-1],[0,-1],[-1,-1],[-1,0],[0,-1],[-1,-1],[-1,-1],[-1,-1],[0,-1],[-1,-1],[-1,0],[-1,-1],[0,-1],[-1,-1],[-1,-1],[-1,-1],[-1,-1],[-1,-1],[-1,-1],[0,-1],[-1,-1],[-2,-1],[-1,-2],[-2,-2],[-2,-2],[-2,-2],[-1,-1],[-7,-7],[-2,-3],[-1,-1],[-2,-2],[-1,-1],[-1,-1],[-1,-1],[-1,-2],[-1,-1],[-2,-1],[-1,-1],[-1,-2],[-1,-1],[-1,-1],[-1,-1],[-1,-1],[-1,-1],[-1,-1],[-1,-1],[-1,-1],[-1,-1],[0,-1],[-1,0],[-1,-1],[-1,-1],[-1,-1],[-1,-1],[-1,-1],[-1,-1],[-1,-1],[-1,-1],[-1,0],[0,-1],[-1,0],[0,-1],[-1,0],[0,-1],[-1,0],[0,-1],[-1,0],[-1,-1],[0,-1],[-1,0],[0,-1],[-1,0],[-1,-1],[-1,0],[0,-1],[-1,0],[0,-1],[-1,0],[0,-1],[-1,0],[-1,-1],[-1,-1],[-1,0],[0,-1],[-1,0],[0,-1],[-1,0],[-1,0],[0,-1],[-1,0],[0,-1],[-1,0],[-1,-1],[-1,-1],[-1,0],[0,-1],[-1,0],[-1,-1],[-1,0],[-1,-1],[-1,0],[0,-1],[-1,0],[-1,0],[0,-1],[-1,0],[-1,-1],[-1,0],[-1,-1],[-1,0],[-1,-1],[-1,0],[-1,-1],[-1,0],[-1,-1],[-1,0],[-1,0],[-1,-1],[-1,0],[-1,0],[0,-1],[-1,0],[-1,0],[-1,-1],[-1,0],[-1,0],[-1,-1],[-1,0],[-1,0],[-1,0],[0,-1],[-1,0],[-1,0],[-1,0],[-1,-1],[-1,0],[-1,0],[-1,0],[-1,0],[-1,-1],[-1,0],[-1,0],[-1,0],[-1,0],[-1,-1],[-1,0],[-1,0],[-1,0],[-1,0],[-1,-1],[-1,0],[-1,0],[-1,0],[-1,0],[-1,0],[-1,0],[-2,-1],[-2,0],[-2,0],[-5,-1],[-2,0],[-2,-1],[-2,0],[-2,0],[-1,0],[-2,-1],[-2,0],[-2,0],[-1,0],[-2,0],[-2,-1],[-1,0],[-1,0],[-1,0],[-1,0],[-1,0],[-1,0],[-1,0],[-1,0],[-1,0],[-1,0],[-1,-1],[-1,0],[-1,0],[-1,0],[-1,0],[-1,0],[-1,0],[-1,0],[-1,0],[-1,0],[-1,0],[-1,0],[-1,0],[-1,0],[-1,0],[-1,0],[-1,0],[-1,0],[-1,0],[-1,0],[-1,0],[-1,0],[-1,0],[-1,0],[-1,0],[-1,0],[-1,0],[-1,0],[0,1],[-1,0],[-1,0],[-1,0],[-1,0],[-1,0],[-1,0],[-1,0],[-1,0],[-1,0],[-1,1],[-1,0],[-1,0],[-1,0],[-1,0],[-1,0],[-1,1],[-1,0],[-1,0],[-1,0],[-1,0],[-1,1],[-1,0],[-1,0],[-1,0],[-1,1],[-1,0],[-1,0],[-1,1],[-1,0],[-1,0],[-1,0],[0,1],[-1,0],[-1,0],[-1,1],[-1,0],[-2,0],[-1,0],[-1,1],[-1,0],[-1,0],[-1,1],[-1,0],[-1,0],[-1,1],[-2,0],[-1,0],[-1,0],[-1,1],[-1,0],[-1,0],[-1,0],[-1,1],[-2,0],[-1,0],[-1,0],[-1,1],[-1,0],[-2,0],[-3,1],[-5,1],[-2,0],[-1,0],[-2,1],[-1,0],[-2,0],[-1,1],[-2,0],[-1,0],[-1,1],[-2,0],[-1,0],[-1,1],[-2,0],[-1,0],[-1,0],[-1,1],[-1,0],[-1,0],[-1,1],[-1,0],[-1,0],[-1,0],[-1,1],[-1,0],[-1,0],[-1,1],[-1,0],[-1,0],[-1,1],[-1,0],[-1,0],[-1,1],[-1,0],[-1,1],[-1,0],[-1,0],[-1,1],[-1,0],[-1,1],[-1,0],[-1,1],[-1,0],[-1,1],[-1,0],[-1,1],[-1,0],[0,1],[-1,0],[-1,0],[0,1],[-1,0],[-1,0],[0,1],[-1,0],[-1,1],[-1,0],[0,1],[-1,0],[-1,1],[-1,0],[-1,1],[-1,1],[-1,1],[-1,0],[0,1],[-1,0],[0,1],[-1,0],[-1,1],[-1,1],[-1,1],[-1,1],[-1,0],[0,1],[-1,0],[0,1],[-1,0],[-1,1],[-1,1],[-1,1],[-1,1],[0,1],[-1,0],[0,1],[-1,0],[0,1],[-1,0],[0,1],[-1,0],[0,1],[-1,0],[0,1],[-1,0],[0,1],[-1,0],[0,1],[-1,1],[-1,1],[-1,1],[0,1],[-1,0],[0,1],[-1,0],[0,1],[-1,1],[-1,1],[0,1],[-1,0],[-1,1],[0,1],[-1,0],[0,1],[-1,1],[-1,1],[-1,1],[0,1],[-1,0],[0,1],[-1,1],[0,1],[-1,0],[-1,1],[0,1],[-1,1],[-1,1],[-1,2],[-1,1],[-2,2],[-1,2],[-1,1],[-2,2],[-1,2],[-1,2],[-1,1],[-2,2],[-1,2],[-1,1],[-1,2],[-2,2],[-1,2],[-1,2],[-2,1],[-1,2],[-1,2],[-2,2],[-1,2],[-2,2],[-1,2],[-2,2],[-1,2],[-1,2],[-1,2],[-1,1],[-2,2],[-1,2],[-1,2],[-2,2],[-2,4],[-3,4],[-3,4],[-7,11],[-3,3],[-1,3],[-3,3],[-1,3],[-2,2],[-2,3],[-1,1],[-1,2],[-1,1],[-1,2],[-1,2],[-2,1],[-1,2],[-1,2],[-2,2],[-1,2],[-1,2],[-2,2],[-1,3],[-2,2],[-1,2],[-2,3],[-2,2],[-1,2],[-2,3],[-2,2],[-1,3],[-2,2],[-2,3],[-1,2],[-2,3],[-2,3],[-1,2],[-2,3],[-2,2],[-1,3],[-2,2],[-2,3],[-1,2],[-2,3],[-1,2],[-2,2],[-1,3],[-2,2],[-1,2],[-2,2],[-1,3],[-1,2],[-2,2],[-1,2],[-2,2],[-1,2],[-1,2],[-1,2],[-1,2],[-2,2],[-1,2],[-1,1],[-1,2],[-1,2],[-1,1],[-1,2],[-1,1],[-1,2],[-1,1],[-1,2],[0,1],[-1,1],[-1,2],[-1,1],[-86,9],[-53,35],[-135,218],[-73,70],[-66,37],[-47,7],[-55,-26],[-34,-30],[-39,-67],[-103,-289],[-62,-215],[-32,-187],[-52,-429],[-118,-489],[-32,-108]],[[55781,26181],[97,155],[50,40],[105,26],[161,103],[54,50],[115,17],[162,97],[93,567],[9,97],[173,401],[166,455],[32,146],[18,171],[1,295],[-39,593],[6,458],[24,198],[98,388],[130,406],[69,150],[104,164],[158,155],[167,198],[94,191],[75,54],[87,98],[146,283],[155,504],[168,449],[221,774],[66,183],[99,161],[176,166],[210,82],[268,63],[254,-104],[253,-249],[115,-157],[257,-448],[94,-227],[42,-154],[32,-185],[50,-665]],[[60596,32330],[12,-343],[33,-281],[252,-1026],[120,-362],[40,-266],[-3,-301],[-148,-763],[-32,-413],[5,-401],[42,-507],[79,-341],[424,-1095],[43,-228],[1,-203],[-24,-275],[-150,-1012],[-119,-694],[-62,-152],[-197,-228],[-86,-152],[-57,-150],[-43,-165],[-51,-342],[3,-157],[61,-326],[171,-586],[101,-161],[132,-52]],[[23047,27231],[-51,-172],[-140,-359],[-118,-395],[-107,-298],[-34,-164],[-16,-185],[16,-186],[43,-247],[51,-176],[120,-336],[82,-386],[37,-301],[9,-331],[22,-158],[19,-261],[52,-278],[81,-322],[70,-189],[22,-112],[18,-252],[-19,-323],[-98,-607],[0,-141],[19,-151],[60,-259],[97,-281],[212,-392],[150,-218],[88,-196],[87,-134],[75,-185],[45,-154],[18,-102],[7,-115],[-7,-242],[34,-240],[44,-196],[0,-179],[33,-78]],[[29024,6642],[-14,260],[22,188],[136,440],[68,180],[39,151],[48,246],[19,159],[4,179],[-5,78],[0,89],[2,60],[8,52],[12,56],[6,68],[20,61],[36,233],[4,115],[-13,179],[-5,206],[-15,132],[-72,416],[-76,326],[-29,259],[-71,381],[-6,211],[-8,76],[-7,100],[-15,176],[-4,326],[75,723],[59,362],[-1,168],[-31,290],[46,174],[19,151],[-13,445],[50,516],[-2,202],[-16,181],[45,61],[54,105],[88,239],[123,284],[107,195],[46,147],[187,462],[84,240],[23,120],[3,127],[-21,139],[-83,236],[-21,139],[-32,139],[-71,218],[-67,276],[-14,175],[-25,169],[3,93],[15,71],[46,108],[54,88],[160,144],[212,166],[104,64],[77,65],[52,65],[59,107],[61,134],[59,296],[42,111]],[[29024,6642],[-46,-136],[-21,-165],[18,-620],[30,-562],[-27,-290],[-10,-242],[-24,-172],[-10,-189],[-30,-166],[-59,-202],[-143,-278],[-149,-208],[-66,-123],[-232,-338],[-89,-246],[-17,-88],[-6,-88],[8,-400],[63,-370],[39,-178],[153,-483],[71,-172],[54,-168],[74,-168],[143,-379],[107,-211]],[[8322,88953],[134,-154],[55,-93],[41,-97],[82,-278],[80,-231],[104,-402],[184,-414],[35,-105],[10,-101],[-24,-116]],[[16677,67801],[57,-27],[46,-65],[73,-148],[117,-310],[241,-741],[157,-617],[48,-234],[35,-308],[21,-311],[-3,-112],[-14,-100],[-38,-150],[-95,-186],[-114,-170],[-209,-257],[-108,-194],[-89,-251],[-70,-286],[-35,-179],[-13,-357],[24,-243],[-2,-263],[13,-215],[-51,-292],[-40,-330],[-35,-484],[6,-212],[53,-250],[400,-1082],[65,-274]],[[9116,73287],[-11,109],[14,216],[43,175],[21,268],[-4,246],[-21,73],[-28,59],[-174,274],[-14,24]],[[78141,94087],[-132,62],[-108,75],[-100,52],[-131,50],[-128,8],[-165,-32],[-370,-116],[-129,-13],[-157,10],[-201,-23],[-131,4],[-125,22],[-91,-4],[-245,-102],[-98,-75],[-198,-299],[-33,-76],[-13,-68],[-3,-65],[12,-65],[87,-237],[52,-174],[66,-374],[4,-107],[-50,-397],[-92,-382],[-70,-213],[-48,-250],[-48,-165],[-54,-278],[-9,-132],[6,-173],[59,-238],[157,-388],[60,-99],[86,-99],[182,-168],[146,-175]],[[93814,59225],[58,23],[125,130],[136,240],[151,231],[47,43],[62,15],[91,-38],[105,-122],[46,-88],[76,-187],[136,-212],[49,-32],[59,20],[58,61],[37,71],[112,397],[92,242],[204,465],[308,424],[62,69],[76,56],[96,16],[94,-22],[51,-36],[171,-183],[61,-39],[188,10],[232,-58]],[[90405,58737],[86,186],[51,32],[213,18],[103,73],[220,118],[118,98],[128,144],[152,314],[172,259],[95,108],[377,326],[237,274],[81,70],[67,28],[83,-5],[63,-35],[68,-68],[175,-291],[125,-340],[63,-119],[40,-48],[91,-40],[226,37],[65,-8],[36,-24],[49,-73],[57,-126],[78,-331],[37,-59],[53,-30]],[[88294,59834],[73,-490],[12,-196],[42,-383],[4,-477],[14,-227],[3,-282],[17,-164],[43,-119],[95,-114],[99,-271],[124,-217],[40,-200],[51,-500],[51,-126],[123,-115],[91,2],[122,85],[106,17],[63,49],[98,17],[67,33],[88,87],[119,194],[53,148],[68,264],[50,311],[14,257],[-27,420],[5,102],[15,79],[95,223],[194,280],[99,216]],[[85126,63690],[81,-86],[125,-62],[115,-7],[116,-35],[310,-1],[142,56],[180,14],[206,101]],[[86344,62823],[180,-2],[196,-57],[188,-13],[154,-94],[83,-102],[66,-125],[27,-77],[30,-148],[13,-130],[35,-179],[19,-145],[89,-286]],[[86824,59431],[34,-21],[29,-39],[41,-241],[-29,-481],[-47,-768],[-172,-1043],[-27,-78]],[[81879,60297],[50,-35],[107,61],[186,26],[134,-27],[62,-34],[230,-207],[48,-69],[73,-149],[94,-138],[157,-130]],[[54242,76727],[51,19],[116,-7],[118,85],[100,118],[123,221],[136,171],[40,31],[84,31],[161,-1],[116,-47],[54,-7],[283,51],[42,-4],[41,-30],[50,-62],[193,-184],[359,-413],[166,-140],[62,-5],[136,32],[129,76],[100,15],[163,48],[40,-3],[69,-9],[71,14],[63,34],[51,9]]],"transform":{"scale":[0.002655587289598269,0.0010638922317219117],"translate":[-135.28268156604506,-33.91694987708588]}}