{"type":"Topology","objects":{"Waterbodies":{"type":"GeometryCollection","crs":{"type":"name","properties":{"name":"urn:ogc:def:crs:OGC:1.3:CRS84"}},"geometries":[{"type":"Polygon","properties":{"Name":"Lake Malawi","Name_alt":"Lake Nyasa","Abbrev":"L. Malawi"},"arcs":[[0]]},{"type":"Polygon","properties":{"Name":"Lake Tanganyika","Name_alt":null,"Abbrev":"L. Tanganyika"},"arcs":[[1]]},{"type":"Polygon","properties":{"Name":"Lake Victoria","Name_alt":null,"Abbrev":"L. Victoria"},"arcs":[[2]]},{"type":"Polygon","properties":{"Name":"Lake Erie","Name_alt":"Great Lakes","Abbrev":"L. Erie"},"arcs":[[3]]},{"type":"Polygon","properties":{"Name":"Lake Ontario","Name_alt":"Great Lakes","Abbrev":"L. Ontario"},"arcs":[[4]]},{"type":"Polygon","properties":{"Name":"Lake Huron","Name_alt":"Great Lakes","Abbrev":"L. Huron"},"arcs":[[5,6]]},{"type":"Polygon","properties":{"Name":"Lake Balkhash","Name_alt":"Balqash Kli","Abbrev":"L. Balkhash"},"arcs":[[7]]},{"type":"Polygon","properties":{"Name":"Lake Superior","Name_alt":"Great Lakes","Abbrev":"L. Superior"},"arcs":[[8]]},{"type":"Polygon","properties":{"Name":"Lake Winnipeg","Name_alt":null,"Abbrev":"L. Winnipeg"},"arcs":[[9]]},{"type":"Polygon","properties":{"Name":"Lake Baikal","Name_alt":null,"Abbrev":"L. Baikal"},"arcs":[[10]]},{"type":"Polygon","properties":{"Name":"Reindeer Lake","Name_alt":null,"Abbrev":"Reindeer L."},"arcs":[[11]]},{"type":"Polygon","properties":{"Name":"Vänern","Name_alt":null,"Abbrev":"Vänern"},"arcs":[[12]]},{"type":"Polygon","properties":{"Name":"Lake Athabasca","Name_alt":null,"Abbrev":"L. Athabasca"},"arcs":[[13]]},{"type":"Polygon","properties":{"Name":"Lake Ladoga","Name_alt":null,"Abbrev":"L. Ladoga"},"arcs":[[14]]},{"type":"Polygon","properties":{"Name":"Lake Onega","Name_alt":null,"Abbrev":"L. Onega"},"arcs":[[15]]},{"type":"Polygon","properties":{"Name":"Great Slave Lake","Name_alt":null,"Abbrev":"Great Slave L."},"arcs":[[16]]},{"type":"Polygon","properties":{"Name":"Great Bear Lake","Name_alt":null,"Abbrev":"Great Bear L."},"arcs":[[17]]},{"type":"Polygon","properties":{"Name":"Lake Michigan","Name_alt":"Great Lakes","Abbrev":"L. Michigan"},"arcs":[[18,-6]]}]}},"arcs":[[[67890,6132],[75,-70],[56,-145],[150,-775],[57,-421],[21,-440],[-6,-270],[-44,-584],[2,-176],[32,-278],[19,-316],[7,-264],[28,-168],[15,-144],[59,-287],[20,-137],[95,-451],[52,-206],[24,-168],[56,-165],[38,-249],[8,-104],[-2,-108],[-35,-206],[-73,61],[-51,62],[-88,17],[-26,25],[-40,94],[-70,257],[-86,406],[-83,588],[-27,119],[-15,166],[-25,121],[-11,178],[-27,138],[-13,150],[-26,121],[-9,179],[-13,127],[-3,317],[-16,178],[-4,249],[-16,179],[-4,716],[-22,242],[-53,261],[-31,112],[-18,93],[-11,243],[-26,120],[-6,69],[-2,294],[5,107],[23,89],[68,161],[72,-107]],[[65882,13447],[99,-19],[69,-80],[-56,-716],[6,-335],[-6,-520],[21,-299],[45,-240],[21,-183],[59,-224],[52,-260],[41,-153],[151,-778],[97,-405],[10,-352],[14,-194],[4,-375],[32,-218],[7,-351],[35,-324],[-119,2],[-71,44],[-34,43],[-120,219],[-50,69],[-43,32],[72,436],[4,132],[-6,109],[-39,227],[-42,200],[-93,342],[-23,113],[-52,160],[-41,226],[-50,351],[-26,126],[-17,166],[-26,126],[-55,390],[-41,545],[-1,883],[32,282],[28,494],[33,347],[79,-38]],[[67586,18357],[114,-48],[61,-70],[36,-381],[5,-700],[54,-336],[-49,-283],[-33,-488],[-82,-515],[-8,-648],[-23,-254],[-35,-152],[-52,-117],[-55,-50],[-60,3],[-87,57],[-160,173],[-172,271],[-57,154],[-12,150],[45,544],[5,174],[-3,295],[-22,423],[-60,437],[-106,283],[66,246],[97,228],[211,360],[145,157],[127,198],[110,-111]],[[19839,70595],[37,-252],[-1,-250],[-34,-157],[-78,-240],[-135,-202],[-342,-440],[-278,-203],[-142,-22],[-128,-63],[-363,-52],[-135,-99],[-54,-13],[-188,52],[-170,139],[-62,98],[-30,115],[-1,112],[32,162],[27,82],[77,150],[73,214],[147,233],[52,-59],[66,-46],[94,-157],[80,-31],[69,-59],[172,-5],[141,46],[83,48],[63,88],[89,70],[112,127],[154,111],[100,175],[108,147],[46,47],[75,118],[184,44],[60,-28]],[[21313,72716],[47,-31],[17,-119],[-8,-148],[-134,-407],[-91,-517],[-30,-83],[-48,-66],[-197,-182],[-121,-26],[-118,-59],[-136,-17],[-96,-38],[-243,80],[-174,14],[-84,72],[-45,146],[0,138],[48,226],[29,68],[42,59],[131,66],[235,18],[280,117],[113,83],[86,95],[129,238],[57,78],[58,111],[52,60],[48,29],[77,7],[76,-12]],[[17276,74039],[-98,556]],[[17178,74595],[118,38],[82,-35],[140,-6],[76,-34],[505,0],[65,-13],[122,-84],[102,-125],[71,-23],[152,-78],[109,-95],[196,-135],[53,-53],[60,-29],[54,-48],[77,-41],[160,-167],[107,-175],[44,-129],[60,-271],[20,-230],[-5,-53],[-25,-128],[-9,-246],[-17,-67],[-30,-73],[-65,-107],[-36,-15],[-46,9],[-92,92],[-107,146],[-43,78],[-46,112],[-20,29],[-85,73],[-104,47],[-55,7],[-40,-26],[-18,-32],[-7,-32],[-4,-147],[4,-175],[16,-200],[-3,-332],[20,-123],[3,-153],[-7,-93],[-37,-218],[-34,-76],[-117,-147],[-162,-236],[-64,-50],[-111,-52],[-15,141],[11,92],[7,207],[34,166],[-1,126],[-19,79],[-33,57],[-80,72],[-42,-5],[-56,-71],[-64,-142],[-68,-249],[-126,-216],[-64,-53],[-49,-9],[-45,28],[-26,67],[-29,193],[5,264],[40,274],[73,321],[86,319],[100,487],[29,272],[1,134],[-27,165],[-57,210],[-55,131],[-62,108],[-156,156],[-190,47],[-51,-6]],[[85094,75700],[425,-354],[87,-14],[157,33],[176,12],[169,60],[109,11],[162,-38],[96,-63],[72,-112],[50,-169],[38,-311],[-2,-123],[-18,-112],[-56,-147],[-112,-114],[-508,-122],[-234,-17],[-129,-44],[-104,-67],[-136,-149],[-399,-610],[-153,-116],[-86,-4],[-68,61],[-132,186],[-77,174],[-77,390],[-36,285],[-7,152],[13,168],[33,196],[52,160],[219,524],[65,120],[153,187],[137,22],[121,-55]],[[16334,77739],[40,-35],[49,-118],[44,-153],[39,-267],[16,-195],[31,-158],[23,-65],[55,-78],[40,-27],[136,17],[102,-38],[74,-96],[53,-142],[24,-120],[9,-252],[26,-281],[27,-93],[120,-241],[26,-84],[0,-58],[-22,-91],[-87,-143],[-106,107],[-77,41],[-41,2],[-153,-89],[-168,-168],[-210,-13],[-74,12],[-30,36],[-95,234],[-102,174],[-83,167],[-33,50],[-36,18],[-236,-109],[-223,-251],[-141,-83],[-86,-13],[-440,6],[-208,150],[-186,369],[-28,92],[-8,60],[22,139],[31,87],[243,549],[220,269],[141,72],[96,29],[69,46],[122,16],[48,21],[43,64],[75,182],[61,97],[94,83],[342,188],[263,89],[69,-5]],[[11341,84937],[91,-81],[204,-614],[339,-670],[67,-216],[179,-893],[30,-94],[82,-190],[123,-354],[77,-444],[24,-274],[-1,-135],[-15,-118],[-49,-193],[-84,-130],[-79,-41],[-128,13],[-57,43],[-31,45],[-41,95],[-189,596],[-76,272],[-95,216],[-131,163],[-73,131],[-43,107],[-70,248],[-120,277],[-118,161],[-363,244],[-78,100],[-53,94],[-53,142],[-21,92],[-9,396],[10,228],[28,76],[40,25],[55,-13],[75,-73],[93,-156],[38,-42],[76,-10],[53,35],[29,50],[17,75],[1,608],[9,80],[27,93],[54,71],[66,8],[90,-43]],[[99733,86047],[57,-31],[116,-138],[49,-112],[41,-215],[3,-155],[-20,-139],[-136,-492],[-171,-388],[-110,-305],[-31,-152],[-85,-590],[-95,-500],[-37,-149],[-84,-201],[-115,-176],[-194,-193],[-127,-153],[-143,-235],[-126,-254],[-70,-183],[-105,-168],[-91,-187],[-67,-88],[-159,-143],[-173,-89],[-276,4],[-185,117],[-126,135],[-37,63],[-58,218],[4,67],[26,55],[58,42],[235,0],[90,43],[53,69],[94,185],[83,291],[44,88],[169,119],[174,53],[81,82],[163,306],[161,246],[65,125],[64,241],[42,254],[85,94],[66,144],[49,207],[35,361],[34,152],[102,298],[94,436],[130,409],[100,239],[113,210],[48,54],[53,31],[40,-2]],[[10167,89244],[112,-97],[90,-136],[49,-164],[4,-154],[-36,-176],[-125,-447],[-77,-352],[-254,-651],[-137,-209],[-172,-307],[-80,-61],[-71,-1],[-43,43],[-19,60],[-3,88],[21,162],[24,105],[122,375],[98,253],[27,107],[8,89],[-8,89],[-35,153],[-138,399],[-24,123],[-5,104],[29,151],[74,176],[44,74],[85,90],[135,107],[107,43],[102,3],[96,-39]],[[59061,90125],[127,-112],[79,-148],[10,-73],[-7,-71],[-54,-135],[-136,-157],[-85,-61],[-107,-45],[-99,-20],[-40,16],[-56,70],[-37,95],[-16,111],[8,128],[48,156],[67,151],[66,83],[95,59],[137,-47]],[[7480,90922],[285,-8],[84,-55],[211,-53],[103,-75],[97,-33],[63,-83],[37,-93],[-7,-63],[-37,-76],[-47,-65],[-38,-20],[-145,2],[-260,70],[-101,30],[-115,-6],[-114,-36],[-162,-73],[-149,-112],[-84,-39],[-261,-52],[-206,-63],[-50,4],[-38,33],[-24,59],[-11,88],[3,136],[12,72],[46,101],[99,169],[93,89],[56,38],[172,102],[85,22],[55,-4],[79,24],[114,4],[155,-34]],[[66233,93032],[71,-81],[89,-147],[151,-136],[176,-218],[143,-105],[49,-70],[81,-225],[39,-278],[-18,-124],[-39,-137],[-69,-140],[-67,-85],[-63,-50],[-234,-71],[-52,8],[-57,37],[-79,123],[-34,97],[-41,237],[-29,98],[-59,130],[-233,335],[-35,105],[-22,134],[-12,150],[24,136],[99,223],[78,92],[67,15],[76,-53]],[[68017,94005],[153,-148],[188,-247],[138,-298],[50,-194],[4,-144],[-66,-220],[-92,-184],[-58,-37],[-81,-1],[-113,84],[-72,158],[-165,501],[-117,266],[-28,170],[10,168],[42,87],[87,55],[120,-16]],[[6872,95318],[78,-83],[81,-138],[15,-47],[0,-59],[-17,-59],[-38,-73],[-71,-104],[-164,-170],[-169,-242],[-231,-225],[-293,-113],[-145,-108],[-214,-200],[-61,-107],[-85,-191],[-122,-323],[-49,-186],[-13,-151],[-186,-164],[-178,-97],[-124,-11],[-146,30],[-189,-39],[-107,-67],[-168,-159],[-58,-32],[-74,-9],[-485,83],[-247,212],[-377,253],[-1,398],[10,105],[50,111],[73,73],[82,27],[307,-4],[113,-56],[102,-17],[103,-46],[43,-4],[104,35],[87,63],[114,143],[69,124],[36,88],[20,72],[2,56],[-40,148],[-115,211],[-48,116],[-20,82],[-2,53],[16,58],[38,60],[106,81],[111,16],[140,-45],[56,-38],[73,-93],[85,-80],[190,-137],[190,-101],[137,-35],[132,40],[125,99],[299,436],[87,106],[336,192],[416,275],[95,12],[116,-45]],[[2684,99983],[67,-52],[40,-74],[26,-106],[-4,-59],[-36,-126],[-127,-291],[-27,-84],[-23,-180],[8,-56],[21,-61],[43,-46],[64,-4],[207,73],[113,69],[47,-2],[56,-32],[80,-88],[48,-103],[7,-79],[-17,-96],[-31,-72],[-66,-109],[-60,-61],[-227,-47],[-222,-13],[-53,-30],[-58,-62],[-49,-101],[-27,-136],[-19,-259],[17,-333],[-32,-163],[-53,-91],[-93,-76],[-127,-71],[-85,-11],[-66,25],[-51,52],[-31,75],[-56,239],[-30,85],[-33,55],[-48,26],[-51,-7],[-95,-67],[-67,-78],[-99,-147],[-131,-109],[-138,-43],[-89,49],[-52,107],[-17,145],[6,323],[71,477],[-6,96],[-30,98],[-48,72],[-73,65],[-59,26],[-169,29],[-215,-31],[-224,-60],[-111,5],[-78,40],[-59,61],[-35,74],[-8,78],[13,76],[32,70],[48,53],[129,74],[225,140],[174,17],[120,-7],[214,35],[327,180],[315,65],[127,-18],[80,23],[249,187],[139,244],[134,127],[79,22],[217,0],[62,-16]],[[17276,74039],[-98,-65],[-43,-52],[-219,-449],[-144,-462],[-29,-156],[-21,-252],[16,-377],[-32,-339],[-20,-505],[21,-283],[67,-534],[22,-340],[0,-293],[-27,-147],[-124,-378],[-40,-87],[-64,-76],[-139,-81],[-66,6],[-150,94],[-106,38],[-75,120],[-85,207],[-31,196],[-51,204],[-42,214],[-75,517],[-22,284],[-6,267],[-14,194],[-1,451],[21,404],[89,524],[29,90],[84,178],[111,178],[58,53],[313,187],[89,30],[66,48],[153,195],[207,362],[135,143],[85,132],[60,116]]],"transform":{"scale":[0.002362857338462462,0.0008135809376490696],"translate":[-125.8812468058325,-14.731406426862526]}}