{"type":"Topology","objects":{"Lines":{"type":"GeometryCollection","crs":{"type":"name","properties":{"name":"urn:ogc:def:crs:OGC:1.3:CRS84"}},"geometries":[{"type":"LineString","properties":{"LEFT_FID":25,"RIGHT_FID":20},"arcs":[0]},{"type":"LineString","properties":{"LEFT_FID":26,"RIGHT_FID":25},"arcs":[1]},{"type":"LineString","properties":{"LEFT_FID":22,"RIGHT_FID":11},"arcs":[2]},{"type":"LineString","properties":{"LEFT_FID":23,"RIGHT_FID":22},"arcs":[3]},{"type":"LineString","properties":{"LEFT_FID":22,"RIGHT_FID":21},"arcs":[4]},{"type":"LineString","properties":{"LEFT_FID":23,"RIGHT_FID":11},"arcs":[5]},{"type":"LineString","properties":{"LEFT_FID":23,"RIGHT_FID":21},"arcs":[6]},{"type":"LineString","properties":{"LEFT_FID":8,"RIGHT_FID":5},"arcs":[7]},{"type":"LineString","properties":{"LEFT_FID":26,"RIGHT_FID":20},"arcs":[8]},{"type":"LineString","properties":{"LEFT_FID":24,"RIGHT_FID":21},"arcs":[9]},{"type":"LineString","properties":{"LEFT_FID":26,"RIGHT_FID":21},"arcs":[10]},{"type":"LineString","properties":{"LEFT_FID":28,"RIGHT_FID":26},"arcs":[11]},{"type":"LineString","properties":{"LEFT_FID":26,"RIGHT_FID":24},"arcs":[12]},{"type":"LineString","properties":{"LEFT_FID":28,"RIGHT_FID":20},"arcs":[13]},{"type":"LineString","properties":{"LEFT_FID":27,"RIGHT_FID":20},"arcs":[14]},{"type":"LineString","properties":{"LEFT_FID":28,"RIGHT_FID":27},"arcs":[15]},{"type":"LineString","properties":{"LEFT_FID":11,"RIGHT_FID":7},"arcs":[16]},{"type":"LineString","properties":{"LEFT_FID":12,"RIGHT_FID":11},"arcs":[17]},{"type":"LineString","properties":{"LEFT_FID":23,"RIGHT_FID":12},"arcs":[18]},{"type":"LineString","properties":{"LEFT_FID":23,"RIGHT_FID":19},"arcs":[19]},{"type":"LineString","properties":{"LEFT_FID":24,"RIGHT_FID":23},"arcs":[20]},{"type":"LineString","properties":{"LEFT_FID":24,"RIGHT_FID":19},"arcs":[21]},{"type":"LineString","properties":{"LEFT_FID":28,"RIGHT_FID":24},"arcs":[22]},{"type":"LineString","properties":{"LEFT_FID":32,"RIGHT_FID":24},"arcs":[23]},{"type":"LineString","properties":{"LEFT_FID":33,"RIGHT_FID":24},"arcs":[24]},{"type":"LineString","properties":{"LEFT_FID":8,"RIGHT_FID":7},"arcs":[25]},{"type":"LineString","properties":{"LEFT_FID":8,"RIGHT_FID":6},"arcs":[26]},{"type":"LineString","properties":{"LEFT_FID":10,"RIGHT_FID":8},"arcs":[27]},{"type":"LineString","properties":{"LEFT_FID":10,"RIGHT_FID":7},"arcs":[28]},{"type":"LineString","properties":{"LEFT_FID":33,"RIGHT_FID":28},"arcs":[29]},{"type":"LineString","properties":{"LEFT_FID":9,"RIGHT_FID":7},"arcs":[30]},{"type":"LineString","properties":{"LEFT_FID":12,"RIGHT_FID":7},"arcs":[31]},{"type":"LineString","properties":{"LEFT_FID":19,"RIGHT_FID":12},"arcs":[32]},{"type":"LineString","properties":{"LEFT_FID":32,"RIGHT_FID":19},"arcs":[33]},{"type":"LineString","properties":{"LEFT_FID":12,"RIGHT_FID":9},"arcs":[34]},{"type":"LineString","properties":{"LEFT_FID":13,"RIGHT_FID":12},"arcs":[35]},{"type":"LineString","properties":{"LEFT_FID":33,"RIGHT_FID":32},"arcs":[36]},{"type":"LineString","properties":{"LEFT_FID":32,"RIGHT_FID":30},"arcs":[37]},{"type":"LineString","properties":{"LEFT_FID":36,"RIGHT_FID":32},"arcs":[38]},{"type":"LineString","properties":{"LEFT_FID":35,"RIGHT_FID":33},"arcs":[39]},{"type":"LineString","properties":{"LEFT_FID":36,"RIGHT_FID":33},"arcs":[40]},{"type":"LineString","properties":{"LEFT_FID":32,"RIGHT_FID":31},"arcs":[41]},{"type":"LineString","properties":{"LEFT_FID":34,"RIGHT_FID":32},"arcs":[42]},{"type":"LineString","properties":{"LEFT_FID":37,"RIGHT_FID":35},"arcs":[43]},{"type":"LineString","properties":{"LEFT_FID":38,"RIGHT_FID":37},"arcs":[44]},{"type":"LineString","properties":{"LEFT_FID":36,"RIGHT_FID":35},"arcs":[45]},{"type":"LineString","properties":{"LEFT_FID":38,"RIGHT_FID":35},"arcs":[46]},{"type":"LineString","properties":{"LEFT_FID":13,"RIGHT_FID":9},"arcs":[47]},{"type":"LineString","properties":{"LEFT_FID":19,"RIGHT_FID":13},"arcs":[48]},{"type":"LineString","properties":{"LEFT_FID":15,"RIGHT_FID":13},"arcs":[49]},{"type":"LineString","properties":{"LEFT_FID":36,"RIGHT_FID":34},"arcs":[50]},{"type":"LineString","properties":{"LEFT_FID":38,"RIGHT_FID":36},"arcs":[51]},{"type":"LineString","properties":{"LEFT_FID":54,"RIGHT_FID":52},"arcs":[52]},{"type":"LineString","properties":{"LEFT_FID":19,"RIGHT_FID":15},"arcs":[53]},{"type":"LineString","properties":{"LEFT_FID":19,"RIGHT_FID":18},"arcs":[54]},{"type":"LineString","properties":{"LEFT_FID":30,"RIGHT_FID":19},"arcs":[55]},{"type":"LineString","properties":{"LEFT_FID":10,"RIGHT_FID":9},"arcs":[56]},{"type":"LineString","properties":{"LEFT_FID":9,"RIGHT_FID":4},"arcs":[57]},{"type":"LineString","properties":{"LEFT_FID":15,"RIGHT_FID":9},"arcs":[58]},{"type":"LineString","properties":{"LEFT_FID":41,"RIGHT_FID":39},"arcs":[59]},{"type":"LineString","properties":{"LEFT_FID":54,"RIGHT_FID":53},"arcs":[60]},{"type":"LineString","properties":{"LEFT_FID":55,"RIGHT_FID":54},"arcs":[61]},{"type":"LineString","properties":{"LEFT_FID":39,"RIGHT_FID":38},"arcs":[62]},{"type":"LineString","properties":{"LEFT_FID":42,"RIGHT_FID":39},"arcs":[63]},{"type":"LineString","properties":{"LEFT_FID":31,"RIGHT_FID":30},"arcs":[64]},{"type":"LineString","properties":{"LEFT_FID":53,"RIGHT_FID":52},"arcs":[65]},{"type":"LineString","properties":{"LEFT_FID":56,"RIGHT_FID":52},"arcs":[66]},{"type":"LineString","properties":{"LEFT_FID":55,"RIGHT_FID":53},"arcs":[67]},{"type":"LineString","properties":{"LEFT_FID":34,"RIGHT_FID":31},"arcs":[68]},{"type":"LineString","properties":{"LEFT_FID":47,"RIGHT_FID":31},"arcs":[69]},{"type":"LineString","properties":{"LEFT_FID":47,"RIGHT_FID":34},"arcs":[70]},{"type":"LineString","properties":{"LEFT_FID":42,"RIGHT_FID":41},"arcs":[71]},{"type":"LineString","properties":{"LEFT_FID":57,"RIGHT_FID":53},"arcs":[72]},{"type":"LineString","properties":{"LEFT_FID":41,"RIGHT_FID":40},"arcs":[73]},{"type":"LineString","properties":{"LEFT_FID":43,"RIGHT_FID":41},"arcs":[74]},{"type":"LineString","properties":{"LEFT_FID":10,"RIGHT_FID":4},"arcs":[75]},{"type":"LineString","properties":{"LEFT_FID":6,"RIGHT_FID":5},"arcs":[76]},{"type":"LineString","properties":{"LEFT_FID":6,"RIGHT_FID":1},"arcs":[77]},{"type":"LineString","properties":{"LEFT_FID":56,"RIGHT_FID":53},"arcs":[78]},{"type":"LineString","properties":{"LEFT_FID":6,"RIGHT_FID":2},"arcs":[79]},{"type":"LineString","properties":{"LEFT_FID":10,"RIGHT_FID":6},"arcs":[80]},{"type":"LineString","properties":{"LEFT_FID":10,"RIGHT_FID":2},"arcs":[81]},{"type":"LineString","properties":{"LEFT_FID":38,"RIGHT_FID":34},"arcs":[82]},{"type":"LineString","properties":{"LEFT_FID":43,"RIGHT_FID":40},"arcs":[83]},{"type":"LineString","properties":{"LEFT_FID":57,"RIGHT_FID":55},"arcs":[84]},{"type":"LineString","properties":{"LEFT_FID":5,"RIGHT_FID":1},"arcs":[85]},{"type":"LineString","properties":{"LEFT_FID":42,"RIGHT_FID":38},"arcs":[86]},{"type":"LineString","properties":{"LEFT_FID":73,"RIGHT_FID":50},"arcs":[87]},{"type":"LineString","properties":{"LEFT_FID":57,"RIGHT_FID":56},"arcs":[88]},{"type":"LineString","properties":{"LEFT_FID":30,"RIGHT_FID":18},"arcs":[89]},{"type":"LineString","properties":{"LEFT_FID":30,"RIGHT_FID":29},"arcs":[90]},{"type":"LineString","properties":{"LEFT_FID":43,"RIGHT_FID":42},"arcs":[91]},{"type":"LineString","properties":{"LEFT_FID":18,"RIGHT_FID":15},"arcs":[92]},{"type":"LineString","properties":{"LEFT_FID":44,"RIGHT_FID":43},"arcs":[93]},{"type":"LineString","properties":{"LEFT_FID":45,"RIGHT_FID":43},"arcs":[94]},{"type":"LineString","properties":{"LEFT_FID":46,"RIGHT_FID":43},"arcs":[95]},{"type":"LineString","properties":{"LEFT_FID":15,"RIGHT_FID":4},"arcs":[96]},{"type":"LineString","properties":{"LEFT_FID":15,"RIGHT_FID":14},"arcs":[97]},{"type":"LineString","properties":{"LEFT_FID":18,"RIGHT_FID":14},"arcs":[98]},{"type":"LineString","properties":{"LEFT_FID":18,"RIGHT_FID":17},"arcs":[99]},{"type":"LineString","properties":{"LEFT_FID":29,"RIGHT_FID":18},"arcs":[100]},{"type":"LineString","properties":{"LEFT_FID":76,"RIGHT_FID":73},"arcs":[101]},{"type":"LineString","properties":{"LEFT_FID":57,"RIGHT_FID":56},"arcs":[102]},{"type":"LineString","properties":{"LEFT_FID":59,"RIGHT_FID":57},"arcs":[103]},{"type":"LineString","properties":{"LEFT_FID":4,"RIGHT_FID":2},"arcs":[104]},{"type":"LineString","properties":{"LEFT_FID":44,"RIGHT_FID":42},"arcs":[105]},{"type":"LineString","properties":{"LEFT_FID":45,"RIGHT_FID":44},"arcs":[106]},{"type":"LineString","properties":{"LEFT_FID":56,"RIGHT_FID":51},"arcs":[107]},{"type":"LineString","properties":{"LEFT_FID":59,"RIGHT_FID":56},"arcs":[108]},{"type":"LineString","properties":{"LEFT_FID":61,"RIGHT_FID":56},"arcs":[109]},{"type":"LineString","properties":{"LEFT_FID":46,"RIGHT_FID":45},"arcs":[110]},{"type":"LineString","properties":{"LEFT_FID":61,"RIGHT_FID":51},"arcs":[111]},{"type":"LineString","properties":{"LEFT_FID":4,"RIGHT_FID":3},"arcs":[112]},{"type":"LineString","properties":{"LEFT_FID":14,"RIGHT_FID":4},"arcs":[113]},{"type":"LineString","properties":{"LEFT_FID":61,"RIGHT_FID":51},"arcs":[114]},{"type":"LineString","properties":{"LEFT_FID":61,"RIGHT_FID":59},"arcs":[115]},{"type":"LineString","properties":{"LEFT_FID":69,"RIGHT_FID":61},"arcs":[116]},{"type":"LineString","properties":{"LEFT_FID":14,"RIGHT_FID":3},"arcs":[117]},{"type":"LineString","properties":{"LEFT_FID":17,"RIGHT_FID":14},"arcs":[118]},{"type":"LineString","properties":{"LEFT_FID":16,"RIGHT_FID":14},"arcs":[119]},{"type":"LineString","properties":{"LEFT_FID":2,"RIGHT_FID":1},"arcs":[120]},{"type":"LineString","properties":{"LEFT_FID":76,"RIGHT_FID":60},"arcs":[121]},{"type":"LineString","properties":{"LEFT_FID":61,"RIGHT_FID":60},"arcs":[122]},{"type":"LineString","properties":{"LEFT_FID":1,"RIGHT_FID":0},"arcs":[123]},{"type":"LineString","properties":{"LEFT_FID":75,"RIGHT_FID":60},"arcs":[124]},{"type":"LineString","properties":{"LEFT_FID":72,"RIGHT_FID":60},"arcs":[125]},{"type":"LineString","properties":{"LEFT_FID":47,"RIGHT_FID":29},"arcs":[126]},{"type":"LineString","properties":{"LEFT_FID":29,"RIGHT_FID":17},"arcs":[127]},{"type":"LineString","properties":{"LEFT_FID":72,"RIGHT_FID":61},"arcs":[128]},{"type":"LineString","properties":{"LEFT_FID":69,"RIGHT_FID":61},"arcs":[129]},{"type":"LineString","properties":{"LEFT_FID":75,"RIGHT_FID":72},"arcs":[130]},{"type":"LineString","properties":{"LEFT_FID":76,"RIGHT_FID":75},"arcs":[131]},{"type":"LineString","properties":{"LEFT_FID":79,"RIGHT_FID":75},"arcs":[132]},{"type":"LineString","properties":{"LEFT_FID":59,"RIGHT_FID":58},"arcs":[133]},{"type":"LineString","properties":{"LEFT_FID":64,"RIGHT_FID":58},"arcs":[134]},{"type":"LineString","properties":{"LEFT_FID":69,"RIGHT_FID":59},"arcs":[135]},{"type":"LineString","properties":{"LEFT_FID":62,"RIGHT_FID":59},"arcs":[136]},{"type":"LineString","properties":{"LEFT_FID":64,"RIGHT_FID":59},"arcs":[137]},{"type":"LineString","properties":{"LEFT_FID":69,"RIGHT_FID":62},"arcs":[138]},{"type":"LineString","properties":{"LEFT_FID":72,"RIGHT_FID":69},"arcs":[139]},{"type":"LineString","properties":{"LEFT_FID":71,"RIGHT_FID":69},"arcs":[140]},{"type":"LineString","properties":{"LEFT_FID":17,"RIGHT_FID":16},"arcs":[141]},{"type":"LineString","properties":{"LEFT_FID":79,"RIGHT_FID":72},"arcs":[142]},{"type":"LineString","properties":{"LEFT_FID":72,"RIGHT_FID":71},"arcs":[143]},{"type":"LineString","properties":{"LEFT_FID":16,"RIGHT_FID":3},"arcs":[144]},{"type":"LineString","properties":{"LEFT_FID":3,"RIGHT_FID":2},"arcs":[145]},{"type":"LineString","properties":{"LEFT_FID":2,"RIGHT_FID":0},"arcs":[146]},{"type":"LineString","properties":{"LEFT_FID":64,"RIGHT_FID":62},"arcs":[147]},{"type":"LineString","properties":{"LEFT_FID":71,"RIGHT_FID":62},"arcs":[148]},{"type":"LineString","properties":{"LEFT_FID":70,"RIGHT_FID":62},"arcs":[149]},{"type":"LineString","properties":{"LEFT_FID":79,"RIGHT_FID":76},"arcs":[150]},{"type":"LineString","properties":{"LEFT_FID":79,"RIGHT_FID":71},"arcs":[151]},{"type":"LineString","properties":{"LEFT_FID":71,"RIGHT_FID":70},"arcs":[152]},{"type":"LineString","properties":{"LEFT_FID":76,"RIGHT_FID":74},"arcs":[153]},{"type":"LineString","properties":{"LEFT_FID":76,"RIGHT_FID":74},"arcs":[154]},{"type":"LineString","properties":{"LEFT_FID":70,"RIGHT_FID":64},"arcs":[155]},{"type":"LineString","properties":{"LEFT_FID":79,"RIGHT_FID":74},"arcs":[156]},{"type":"LineString","properties":{"LEFT_FID":78,"RIGHT_FID":74},"arcs":[157]},{"type":"LineString","properties":{"LEFT_FID":78,"RIGHT_FID":74},"arcs":[158]},{"type":"LineString","properties":{"LEFT_FID":65,"RIGHT_FID":64},"arcs":[159]},{"type":"LineString","properties":{"LEFT_FID":79,"RIGHT_FID":78},"arcs":[160]},{"type":"LineString","properties":{"LEFT_FID":79,"RIGHT_FID":70},"arcs":[161]},{"type":"LineString","properties":{"LEFT_FID":70,"RIGHT_FID":65},"arcs":[162]},{"type":"LineString","properties":{"LEFT_FID":70,"RIGHT_FID":68},"arcs":[163]},{"type":"LineString","properties":{"LEFT_FID":49,"RIGHT_FID":48},"arcs":[164]},{"type":"LineString","properties":{"LEFT_FID":70,"RIGHT_FID":63},"arcs":[165]},{"type":"LineString","properties":{"LEFT_FID":79,"RIGHT_FID":77},"arcs":[166]},{"type":"LineString","properties":{"LEFT_FID":68,"RIGHT_FID":63},"arcs":[167]},{"type":"LineString","properties":{"LEFT_FID":68,"RIGHT_FID":63},"arcs":[168]},{"type":"LineString","properties":{"LEFT_FID":68,"RIGHT_FID":65},"arcs":[169]},{"type":"LineString","properties":{"LEFT_FID":67,"RIGHT_FID":65},"arcs":[170]},{"type":"LineString","properties":{"LEFT_FID":68,"RIGHT_FID":67},"arcs":[171]},{"type":"LineString","properties":{"LEFT_FID":68,"RIGHT_FID":67},"arcs":[172]},{"type":"LineString","properties":{"LEFT_FID":67,"RIGHT_FID":66},"arcs":[173]},{"type":"LineString","properties":{"LEFT_FID":67,"RIGHT_FID":66},"arcs":[174]}]}},"arcs":[[[27383,3451],[-41,22],[-187,-382],[-207,-204],[-75,141],[-61,428],[-53,234],[-119,215],[-480,-106],[-396,-201],[-88,21],[-85,114],[-77,202],[-187,687],[-104,516]],[[23875,2775],[0,813],[35,623],[75,493],[105,378],[70,150],[127,31],[107,246],[103,79],[125,-64],[177,-310],[177,-30],[144,-155],[103,109]],[[19715,10316],[-64,-3226],[14,-438],[74,-723],[23,-534],[-14,-3495],[-25,-1900]],[[19715,10316],[523,-26],[1313,248]],[[22523,1382],[-23,104],[-89,101],[-55,272],[-47,783],[-6,1122],[-45,341],[-79,238],[-109,85],[-674,-553],[-109,155],[-76,401],[-26,700],[-56,600],[4,421],[12,145],[377,1741],[65,435],[35,442],[13,467],[-11,468],[-34,442],[-39,246]],[[19429,12577],[198,-96],[56,-142],[41,-222],[24,-436],[-33,-1365]],[[21551,10538],[-4,638],[-53,844],[-10,503],[13,472],[47,654],[1,1112],[50,730],[225,1570],[248,1226]],[[5865,18576],[295,-1218],[12,-169],[36,-732],[10,-750],[-16,-751],[-42,-720],[-54,-2111],[12,-2351],[-46,-670],[-92,-561]],[[25223,5138],[55,188],[39,265],[20,457],[-45,3474],[-82,3285],[-112,2872],[-30,3211]],[[22068,18287],[357,111],[914,497]],[[23339,18895],[42,-4476],[-68,-3526],[-41,-5304],[-33,-2782]],[[25057,19082],[11,-192]],[[25057,19082],[-931,75],[-787,-262]],[[25068,18890],[297,241],[273,-202],[269,217],[444,76]],[[26351,19222],[30,-43],[38,-88],[131,-905],[122,-1032],[86,-892],[21,-561],[54,-523],[105,-531],[373,-1193],[136,-1062],[143,-1763],[73,-537],[92,-488],[16,-125],[11,-142]],[[26351,19222],[84,215],[94,110],[488,63],[566,307],[171,-82],[158,-306],[100,-358],[142,-222],[177,-121],[188,37],[92,-142],[53,-203],[65,-421],[113,-278],[59,-226],[86,-723],[49,-273],[83,-251],[98,-108],[141,-715]],[[13930,23101],[8,-6410],[-24,-9240],[-2704,-735]],[[13930,23101],[1840,73],[0,-5879],[37,-284],[67,-112],[144,70],[132,-87],[119,-229],[103,-356],[294,-414],[208,-128],[187,57],[152,-162],[53,-104],[40,-609],[85,-505],[130,-384],[138,-240],[224,-100],[454,441],[178,37],[177,-70],[183,-187],[179,-305],[141,-344],[158,-534],[76,-169]],[[19474,23932],[-70,-9615],[-56,-130],[81,-1610]],[[22555,24202],[-1397,0],[-1684,-270]],[[22555,24202],[17,-304],[-146,-1110],[-79,-882],[-35,-670],[-28,-1032],[-38,-605],[-75,-695],[-103,-617]],[[22558,24218],[-3,-16]],[[26520,24732],[-46,-299],[-42,-120],[-57,-643],[-77,-361],[-155,-301],[-121,-459],[-190,-513],[-174,-345],[-143,-136],[-110,-298],[-88,-549],[-124,-461],[-63,-319],[-55,-454],[-18,-392]],[[22558,24218],[1361,322],[328,0],[61,-108],[1917,341]],[[26225,24773],[297,36],[-2,-77]],[[9842,5416],[36,2092],[-46,386],[73,11971],[17,5405]],[[6578,25417],[18,-2252],[-550,-1866],[-51,-482],[-33,-506],[-15,-524],[4,-537],[-86,-674]],[[6578,25417],[283,-147],[3061,0]],[[9922,25270],[48,0],[1,166]],[[26520,24732],[292,170],[1225,255],[63,139],[1906,-231],[215,69],[136,186],[351,139],[41,-32]],[[9971,25436],[2112,130],[1844,124]],[[13927,25690],[3,-2589]],[[19316,25749],[18,0],[28,-1622],[113,-126],[-1,-69]],[[22630,25817],[-17,-816],[-55,-783]],[[14577,25887],[0,-153],[-650,-44]],[[14577,25887],[66,-138],[1775,-62],[2898,62]],[[27085,27970],[-48,0],[-193,-764],[-328,-1027],[-131,-555],[-160,-851]],[[23745,28976],[-65,-273],[-61,-145],[-196,-54],[-110,-190],[-166,-616],[-147,-808],[-88,-370],[-134,-407],[-148,-296]],[[26904,30628],[52,-370],[36,-952],[86,-725],[7,-611]],[[29493,33235],[157,47],[114,-45],[113,-133],[105,-215],[93,-285],[16,-246],[-51,-457],[-4,-456],[49,-477],[77,-370],[73,-196],[80,-115],[199,1]],[[27085,27970],[98,-344],[104,-100],[320,146],[326,23],[159,166],[152,273],[160,436],[139,552],[98,539],[156,1097],[207,969],[113,412],[166,462],[42,292],[21,434],[147,-92]],[[25408,33625],[-168,-441],[-145,-593],[-142,-893],[-45,-648],[-72,-319],[-113,-159],[-168,-371],[-174,-286],[-437,-421],[-105,-221],[-94,-297]],[[25408,33625],[95,72],[94,-94],[194,-658],[221,-382],[98,-496],[76,-243],[204,-272],[198,-486],[242,-248],[74,-190]],[[31193,35324],[-39,-498],[10,-248],[55,-418],[19,-340],[-46,-1213],[21,-1050],[11,-188],[13,-383]],[[31193,35324],[37,-118],[62,52]],[[29493,33235],[-63,480],[-18,380],[-13,687],[11,685]],[[29410,35467],[498,-44],[977,199],[152,161],[134,346],[22,-805]],[[14612,36181],[-35,-10294]],[[18749,36548],[131,-258],[65,-232],[45,-304],[20,-304],[1,-513],[18,-332],[155,-1015],[37,-459],[29,-746],[74,-469],[5,-1766],[22,-1218],[-31,-1163],[-4,-2020]],[[14612,36181],[963,144],[1572,104],[220,-143],[356,143],[428,-138],[218,82],[242,224],[138,-49]],[[28002,36846],[-45,-354],[-151,-740],[-83,-874],[-47,-338],[-93,-384],[-123,-264],[-108,-503],[-84,-504],[-167,-1291],[-197,-966]],[[28002,36846],[124,-273],[186,-69],[40,-152],[-16,-406],[6,-282],[27,-371],[47,-335],[74,119],[107,302],[159,178],[654,-90]],[[92773,37705],[-309,-538],[-72,-384],[-73,-308],[-190,-583]],[[18665,37923],[59,-667],[25,-708]],[[21264,38182],[-3,-9],[-2596,-250]],[[21264,38182],[16,-1064],[31,-749],[49,-688],[108,-1132],[-2,-872],[34,-235],[60,-111],[95,-8],[87,-165],[51,-204],[109,-660],[155,-1255],[62,-771],[34,-706],[31,-237],[50,-171],[193,-348],[135,-569],[27,-342],[-4,-903],[45,-1175]],[[9971,25436],[142,13801]],[[13491,39948],[0,-141],[-3378,-570]],[[13491,39948],[1139,-102],[-18,-3665]],[[31950,39988],[5,-59]],[[94010,40001],[-258,-83],[-55,-532],[-163,-457],[-326,-153],[-435,-1071]],[[94010,40001],[-22,-311],[54,-609],[326,-764],[136,-788]],[[31522,40635],[11,-404],[-72,-738],[-18,-674],[24,-605],[63,-352],[19,-438],[-14,-283],[-61,-301]],[[31522,40635],[150,-89],[239,-399],[39,-159]],[[23938,41147],[-36,-500],[-58,-2556],[-16,-1771],[0,-2762],[-53,-772],[-114,-843],[-46,-455],[-48,-1230],[-49,-674],[12,-266],[41,-203],[94,-11],[80,-128]],[[92561,41313],[30,-1243],[73,-532],[0,-609],[72,-918],[37,-306]],[[91768,39629],[316,1199],[181,529],[181,0],[115,-44]],[[94222,41749],[-144,-846],[-36,-454],[-32,-448]],[[25503,42143],[-9,-302],[-28,-279],[-44,-728],[-18,-739],[8,-785],[40,-878],[-19,-1257],[17,-2043],[-42,-1507]],[[24141,42083],[764,99],[598,-39]],[[25503,42143],[342,241],[578,-50]],[[31950,39988],[87,473],[32,282],[64,826],[40,836]],[[94112,42686],[110,-937]],[[33478,41555],[0,374],[22,429],[-41,448]],[[32173,42405],[269,451],[92,82],[97,-23],[93,-132],[730,50],[5,-27]],[[10113,39237],[-1260,61],[-3,3745]],[[2782,43067],[-204,-11744],[1655,-6236],[1632,-6511]],[[4612,43041],[1,-50],[-1831,76]],[[92561,41313],[85,-32],[254,904],[253,676],[200,75],[127,-300],[217,375],[218,75],[163,-300],[34,-100]],[[6727,43099],[-2115,-58]],[[6727,43099],[-28,-4289],[-65,-4311],[18,-2201],[-3,-2222],[-23,-2140],[-48,-2519]],[[8850,43043],[-363,-2],[-1760,58]],[[28113,43161],[-34,-427],[-14,-447],[20,-1806],[-12,-1539],[-71,-2096]],[[33459,42806],[117,178],[335,207]],[[94222,41749],[19,-166],[182,-453],[381,-75],[308,453],[127,226],[526,226],[362,301],[381,0],[236,225],[72,450],[363,261]],[[2782,43067],[-2741,197],[-41,120]],[[28358,43333],[320,189],[1017,-42],[1000,231],[205,-156],[79,-304],[47,-407],[30,-515],[68,-451],[157,-505],[188,-458],[53,-280]],[[73819,43854],[267,-75],[137,-30],[138,-25],[235,-31],[171,-14],[61,-49],[75,-126],[45,-121],[54,-210],[27,-147],[30,-232],[24,-334],[-16,-300],[-16,-402],[-9,-307],[-5,-341],[1,-498],[7,-387],[7,-253],[27,-697],[10,-448],[4,-402],[-2,-452],[-12,-573],[-13,-388],[-24,-481],[-37,-558],[-27,-333],[-25,-338],[-22,-355],[-14,-273],[-15,-362],[-13,-441],[-8,-534],[-1,-421],[3,-332],[7,-396],[13,-419],[10,-253],[44,-871],[13,-337],[13,-462],[8,-438],[3,-288],[0,-482],[-4,-357],[-32,-585],[-16,-361],[-13,-364],[-13,-468],[-10,-678],[-1,-533]],[[94114,44281],[91,-1870],[-93,275]],[[22071,44477],[10,-255],[-8,-1216],[22,-1105],[-26,-324],[-75,-356],[-149,-282],[-126,-412],[-71,-352],[-66,-504],[-87,-482],[-231,-1007]],[[23414,44976],[-72,-9],[-245,-282],[-235,-150],[-194,-31],[-324,58],[-273,-85]],[[32205,45332],[-32,-2927]],[[17979,45627],[59,-203],[88,-457],[114,-903],[43,-632],[21,-879],[41,-661],[37,-377],[110,-532],[48,-465],[18,-433],[-10,-588],[14,-512],[37,-515],[66,-547]],[[32205,45332],[246,404],[421,120]],[[32872,45856],[779,164]],[[33651,46020],[106,11],[48,-39],[27,-50]],[[13491,46438],[0,-6490]],[[17979,45627],[-160,362],[-180,186],[-587,-77],[-65,58],[-77,199],[-52,64],[-506,10],[-377,80],[-415,-82],[-602,25],[-426,-173],[-110,99],[-931,60]],[[18048,48590],[-41,-1244],[-4,-1257],[-24,-462]],[[21202,48866],[-779,-103],[-998,-24],[-1081,-238],[-296,89]],[[21202,48866],[138,-363],[54,-408],[5,-1361],[31,-689],[34,-286],[50,-196],[63,-120],[187,-4],[120,-153],[139,-475],[48,-334]],[[77859,49329],[297,-125],[124,-333],[112,-263],[112,-233],[69,-129],[104,-175],[75,-112],[123,-161],[132,-139],[150,-121],[101,-60],[83,-35],[201,-55],[140,-58],[108,-56],[157,-100],[198,-157],[133,-125],[154,-166],[189,-234],[115,-160],[123,-186],[174,-290],[192,-359],[130,-267],[95,-209],[106,-247]],[[93852,49841],[27,-2159],[109,-661],[199,-516],[-73,-2224]],[[93852,49841],[190,-115],[236,-510],[362,-510],[290,0],[436,-146],[471,292],[453,292],[309,509],[362,363],[218,290],[326,145],[230,804]],[[8789,51816],[61,-8773]],[[32180,52514],[-10,-520],[37,-743],[13,-655],[-3,-1071],[-30,-1246],[24,-1025],[-6,-1922]],[[33230,53245],[25,-102],[-3,-142],[9,-694],[-44,-675],[-82,-539],[-96,-330],[-46,-244],[-78,-1000],[-125,-775],[-38,-415],[-7,-410],[27,-800],[40,-638],[60,-625]],[[91883,53371],[-35,-832],[-54,-1077],[0,-505],[181,-289],[36,-362],[0,-363],[-127,-581],[-199,-729],[-73,-585],[-163,-586],[-91,-368],[-110,-2503]],[[92245,53670],[1162,-273],[91,-1073],[127,-359],[109,-720],[109,-650],[9,-754]],[[91883,53371],[309,312],[53,-13]],[[33554,53904],[37,-276],[35,-310],[25,-258],[34,-474],[14,-260],[11,-292],[7,-294],[2,-315],[-3,-354],[-36,-1185],[27,-1589],[-56,-2277]],[[90579,54039],[163,-285],[236,0],[163,285],[181,-72],[272,-356],[163,-214],[127,0],[-1,-26]],[[13470,54227],[-4671,-237],[-10,-2174]],[[13470,54227],[21,-7789]],[[90578,47414],[-17,1073],[-164,219],[-145,1020],[-72,652],[-109,579],[-91,433],[0,863],[-108,573],[-91,429],[-54,356],[18,214],[308,71],[217,427],[164,0],[145,-284]],[[92245,53670],[-55,1857]],[[91522,56020],[217,-493],[218,0],[233,0]],[[13503,56764],[-33,-2537]],[[17940,56865],[26,-200],[-22,-207],[-39,-71],[-112,71],[-82,-109],[-84,-347],[-22,-350],[48,-516],[-19,-571],[22,-403],[73,-374],[58,-125],[65,-55],[26,-100],[13,-155],[-2,-369],[56,-259],[50,-624],[49,-1415],[0,-448],[-31,-349],[33,-686],[2,-613]],[[13503,56764],[1677,-70],[1105,76],[548,-25],[313,-98],[256,82],[311,263],[198,-74],[29,-53]],[[4985,57315],[56,-301],[76,-232],[45,-319],[27,-480],[-16,-489],[-35,-308],[-52,-270],[-195,-562],[-139,-593],[-104,-701],[-40,-563],[-1,-377],[20,-376],[47,-413],[72,-356],[17,-430],[-11,-337],[-54,-724],[-19,-783],[12,-668],[61,-1412],[1,-1178],[-41,-1046],[-33,-480],[-56,-422],[-11,-454]],[[84228,49582],[1,275],[-7,159],[-1,383],[-16,398],[-23,299],[-21,198],[-36,268],[-63,411],[-62,493],[-37,368],[-27,338],[-19,275],[-16,317],[-12,339],[-6,251],[-3,312],[2,392],[13,498],[0,463],[-9,320],[-9,195],[-25,383],[-28,302],[-38,320]],[[89375,58219],[26,-150],[10,-118],[1,-166],[-19,-201],[-33,-139],[-27,-62],[-103,-187],[-160,-326],[-120,-279],[-89,-227],[-116,-326],[-123,-385],[-94,-323],[-77,-287],[-84,-341],[-52,-224]],[[4985,57315],[-242,-1],[-236,182],[-301,-137],[-434,-23],[-222,-93],[-339,-362],[-190,-334],[-294,-653],[-128,-172],[-134,-99],[-145,-18],[-142,70],[-136,153],[-188,319],[-136,80],[-93,-34],[-90,-107],[-63,-123],[-66,-241],[-68,-114],[-75,-29],[-111,70],[-106,92],[-86,251],[-54,397],[-4,444],[-87,634],[-139,598],[-145,339]],[[83786,57539],[113,7],[94,-18],[59,-23],[38,-199],[30,-101],[56,-123],[36,-47],[73,-63],[68,-25],[49,12],[68,61],[49,78],[38,86],[47,145],[53,238],[11,148],[28,212],[35,169],[52,165],[53,102],[83,80],[71,2],[42,-40],[35,-60],[43,-118],[26,-103],[24,-144],[24,-259],[16,-131],[37,-147],[39,-74],[32,-24],[34,5],[45,58],[50,172],[27,194],[46,229],[43,140],[64,134],[73,75],[64,10],[122,-29]],[[85876,58333],[152,-14],[106,5],[119,19],[167,53],[89,40],[126,71],[80,54],[121,95],[79,72],[235,68],[189,34],[194,17],[142,0],[147,-11],[224,-37],[176,-47],[112,-37],[251,-109],[113,18],[112,-4],[141,-34],[112,-52],[79,-50],[114,-91],[93,-92],[26,-82]],[[22046,59093],[67,-201],[170,-712],[181,-448],[60,-97],[140,-52],[120,-203],[457,-571],[63,-130],[114,-437],[65,-635],[68,-365],[23,-210],[16,-224],[7,-304],[-3,-195],[-17,-281]],[[20836,59781],[-67,-646],[-75,-333],[-36,-251],[-28,-689],[-29,-329],[-117,-651],[-42,-377],[-11,-617],[49,-568],[8,-285],[-14,-281],[-53,-469],[-6,-389],[36,-570],[43,-325],[324,-1266],[321,-1801],[53,-512],[10,-556]],[[89375,58219],[212,204],[112,59],[65,55],[80,87],[67,93],[92,158],[65,134],[79,193],[94,280],[58,202],[41,164]],[[90340,59848],[221,-615],[145,-555],[181,-905],[326,-489],[109,-491],[200,-773]],[[85876,58333],[-28,320],[-23,316],[-13,232],[-14,321],[-10,363],[-4,345],[3,422],[8,313],[13,355],[4,229],[0,360],[-13,439]],[[83786,57539],[-35,235],[-70,388],[-67,287],[-34,97],[-41,174],[-33,224],[-13,163],[-6,232],[8,241],[21,215],[21,134],[35,151],[30,94],[59,120],[58,69],[52,105],[63,206],[44,244],[19,164],[14,230],[2,263],[-5,158],[-2,251],[10,273],[18,209],[29,215],[26,144],[77,313]],[[84066,63138],[90,-51],[125,-88],[110,-93],[138,-140],[107,-65],[94,-36],[154,-20],[125,21],[80,31],[93,53],[84,64],[75,71],[31,54],[67,81],[54,34],[59,10],[95,-48],[57,-68],[66,-122],[29,-478]],[[98812,56519],[-273,625],[-73,559],[-18,767],[-127,971],[-181,828],[-109,1236],[-109,205],[-72,683],[72,340],[67,880]],[[97989,63613],[54,-167],[42,-102],[56,-56],[108,-144],[73,-125],[106,-233],[93,-257],[60,-487],[58,-426],[81,-535],[68,-408],[97,-535],[69,-350],[80,-378],[121,-524],[27,-257],[8,-160]],[[92190,55527],[57,0],[272,211],[109,212],[108,492],[55,422],[54,630],[145,976],[37,694],[163,898],[109,758],[199,890],[199,1227],[100,1603]],[[93797,64540],[91,13]],[[93888,64553],[27,6],[200,-34],[173,-40],[199,-61],[131,-48],[261,-113],[157,-80],[178,-102],[143,-91],[244,-173],[56,-66],[103,-88],[126,-48],[93,5],[73,28],[80,55],[52,51],[98,129],[73,128],[103,232],[97,289],[62,229],[101,123],[76,71],[95,64],[123,45],[133,2],[69,-19],[137,-77],[108,-100],[80,-97],[109,-168],[99,-191],[100,-235],[57,-159],[36,-199],[49,-208]],[[93797,64540],[-100,-1],[-115,14],[-164,51],[-107,52],[-163,110],[-80,68],[-156,158],[-139,172],[-103,-34],[-164,-28],[-99,-3],[-133,15],[-115,30],[-163,68],[-86,49]],[[90340,59848],[75,348],[31,169],[-50,542],[-37,487],[-24,378],[-32,636],[-26,330],[-12,242],[-8,229],[-2,357],[3,230],[14,337],[33,442],[30,266],[5,207],[-6,305],[-13,202],[-38,311]],[[90283,65866],[141,28],[227,7],[169,-105],[99,-40],[85,-23],[89,-11],[142,7],[142,38],[167,-198],[141,-138],[86,-72],[139,-98]],[[17702,66588],[-15,-496],[9,-444],[91,-996],[27,-491],[-10,-1009],[11,-331],[88,-730],[49,-570],[28,-572],[18,-872],[46,-255],[106,-203],[26,-176],[-82,-745],[-39,-1448],[-42,-237],[-73,-148]],[[85799,62348],[130,54],[117,27],[107,6],[174,-27],[20,203],[40,122],[25,28],[38,-1],[36,-54],[97,-63],[80,-38],[128,-34],[129,-3],[140,33],[118,58],[126,92],[76,71],[108,123],[71,94],[94,144],[78,137],[95,188],[132,305],[100,267],[51,152],[79,255],[45,333],[39,243],[70,361],[76,327],[53,193],[97,301],[72,189],[61,138],[81,156]],[[90283,65866],[-27,147],[-52,212],[-59,171],[-80,196],[-65,137],[-81,140],[-72,103],[-99,109],[-87,67],[-79,39],[-121,20],[-112,-23],[-124,-14],[-67,-27],[-106,-69],[-63,-58],[-86,-101],[-121,-187]],[[13506,67487],[-3,-10723]],[[5735,67747],[-55,-4572],[9,-209],[37,-218],[140,-415],[142,-547],[194,-1030],[117,-412],[137,-731],[107,-804],[73,-850],[38,-824],[3,-883],[13,-230],[71,-346],[108,-130],[144,-326],[125,-529],[41,-495],[118,-517],[27,-633],[78,-519],[112,-352],[157,-183],[69,-181],[79,-344],[65,-506],[49,-163],[76,-55],[71,109],[115,770],[56,193],[67,121],[92,42],[379,-162]],[[5117,67879],[14,-5159],[-14,-5326],[-132,-79]],[[93812,68485],[73,-1575],[-93,-1365],[96,-992]],[[91910,65261],[1,234],[-2,326],[-11,399],[-17,339],[-32,458],[-47,373],[-25,331],[-10,286],[-1,201],[11,382],[16,219],[20,201],[116,703]],[[91929,69713],[124,-141],[98,-96],[48,-85],[51,-154],[31,-153],[18,-139],[15,-234],[46,-116],[37,-64],[50,-52],[37,-16],[63,13],[39,34],[57,90],[26,63],[180,43],[117,14],[117,3],[198,-21],[112,-27],[170,-59],[102,-48],[147,-83]],[[83183,70359],[84,-91],[87,-125],[111,-202],[61,-135],[92,-246],[52,-163],[90,-334],[57,-260],[56,-230],[65,-217],[84,-217],[76,-149],[109,-150],[28,-161],[32,-233],[29,-331],[11,-224],[2,-378],[-17,-373],[-23,-244],[10,-365],[1,-269],[-10,-421],[-13,-249],[-21,-298],[-20,-204],[-28,-241],[-35,-246],[-51,-293],[-36,-172]],[[88782,66728],[-32,263],[-34,416],[-8,191],[-6,285],[-11,114],[-25,148],[-52,162],[-48,70],[-47,19],[-70,-1],[-51,64],[-47,120],[-23,93],[-23,143],[-15,227],[1,166],[-44,349],[-19,201],[-20,342],[-6,249],[2,381],[9,221],[17,262],[16,174],[28,234],[26,173],[35,121],[30,166],[22,269],[-5,287],[13,317],[21,255],[38,310],[35,212],[31,145],[53,205],[48,151],[74,177],[73,130],[61,79],[117,106],[84,114],[48,87],[67,153]],[[91929,69713],[-123,160],[-111,163],[-92,149],[-69,246],[-120,374],[-82,222],[-125,294],[-100,200],[-134,223],[-90,127],[-72,89],[-96,99],[-124,100],[-81,50],[-81,-54],[-67,14],[-84,98],[-52,119],[-58,213],[-30,180],[-23,270],[-70,311],[-65,240],[-53,165],[-94,244],[-79,167],[-67,117],[-93,129],[-114,113],[-126,69],[-42,42],[-49,74],[-65,157],[-53,201]],[[81036,75262],[-12,0]],[[83183,70359],[-21,20],[-41,-28],[-82,2],[-56,44],[-64,100],[-63,167],[-54,238],[-37,280],[-28,154],[-47,163],[-44,103],[-63,86],[-42,27],[-50,3],[-73,96],[-109,161],[-98,164],[-129,243],[-115,249],[-82,194],[-95,249],[-120,349],[-84,275],[-72,253],[-64,245],[-87,363],[-42,191],[-31,126],[-72,205],[-76,120],[-79,56],[-27,5]],[[93812,68485],[-2,54],[68,36],[97,115],[65,126],[46,122],[41,135],[40,169],[33,175],[33,244],[24,284],[32,237],[56,344],[52,264],[93,392],[86,290],[92,254],[59,140],[68,139],[34,175],[35,215],[41,308],[26,261],[22,330],[11,300],[3,239],[-5,337],[-55,311],[-36,263],[-44,426],[-18,269],[-14,352],[-26,188],[-12,203],[1,149],[14,204],[22,153]],[[83458,77481],[-10,-78],[-21,-310],[-10,-274],[-1,-416],[9,-283],[30,-471],[19,-342],[6,-234],[-2,-435],[-10,-277],[-18,-287],[-18,-213],[-65,-360],[-40,-280],[-46,-412],[-27,-334],[-21,-414],[-7,-258],[-3,-284],[3,-274],[-2,-242],[-8,-229],[-18,-265],[-15,-150]],[[83342,78115],[4,-2],[4,-2],[4,-3],[4,-3],[3,-3],[3,-3],[4,-4],[4,-4],[3,-5],[5,-6],[3,-4],[5,-9],[3,-5],[2,-4],[3,-5],[2,-6],[4,-7],[5,-12],[5,-12],[2,-7],[3,-7],[3,-9],[2,-9],[9,-32],[11,-48],[2,-9],[1,-10],[1,-5],[1,-7],[2,-7],[1,-10],[1,-9],[2,-13],[1,-10],[2,-10],[0,-8],[2,-10],[1,-11],[1,-13],[0,-5],[1,-5],[0,-3],[0,-3],[0,-2],[0,-3],[1,-9],[0,-7],[1,-15],[1,-8],[0,-8],[0,-5],[0,-6],[1,-3],[0,-5],[0,-8],[0,-11],[0,-11],[0,-11],[0,-9],[0,-5],[0,-8],[0,-11],[0,-9],[0,-8],[-1,-11],[0,-11],[-1,-13],[0,-11],[-1,-19],[-2,-19],[0,-10],[-2,-19]],[[82388,77941],[1,1],[6,4],[18,10],[12,6],[4,1],[4,2],[7,2],[6,1],[6,1],[7,1],[8,1],[6,0],[4,0],[5,-1],[5,0],[7,-1],[24,-8],[23,-11],[165,76],[139,46],[114,26],[175,20],[171,-5],[7,3],[1,1],[2,0],[1,0],[1,1],[2,0],[1,0],[1,0],[3,0],[1,0],[3,0],[3,0],[3,-1],[4,-1],[4,-1]],[[94794,76688],[29,129],[47,133],[43,74],[45,42],[41,11],[206,195],[268,220],[160,112],[243,148],[120,47],[93,15],[149,-16],[125,-52],[86,-57],[96,-84],[114,-129],[144,-215],[130,-251],[108,-253],[144,-106],[162,-105],[184,-104],[247,-112],[163,-57],[169,-45],[204,-36],[175,-14],[56,-131],[63,-123],[81,-127],[70,-82],[89,-73],[53,-28],[80,-19],[65,3],[26,-47],[52,-49],[33,-4],[51,37],[41,72],[38,116],[24,128],[20,241],[-6,215],[25,311],[30,327],[52,460],[41,311],[35,174],[64,245],[96,253],[76,137],[51,67],[69,64],[85,39],[50,3]],[[83411,83664],[29,-491],[10,-339],[1,-495],[-19,-585],[-4,-448],[7,-500],[18,-528],[11,-213],[27,-401],[46,-541],[15,-294],[3,-206],[-4,-253],[-16,-283],[-29,-295],[-48,-311]],[[89145,75078],[-44,282],[1,240],[-13,436],[-28,373],[-28,247],[-45,299],[-45,231],[7,370],[-2,256],[-12,346],[-29,406],[-25,240],[-31,231],[-24,951],[-28,944],[-33,937],[-37,928],[-42,921],[-47,913]],[[94794,76688],[-6,401],[-19,325],[-28,279],[-24,179],[-48,273],[-48,220],[-49,284],[-27,235],[-12,153],[-13,253],[0,344],[11,266],[26,211],[33,130],[68,134],[71,193],[50,185],[39,193],[22,143],[28,242],[15,211],[6,371],[-7,231],[-56,174],[-41,198],[-26,194],[-14,184],[-3,304],[21,303],[4,351],[-1,330],[-8,410],[-11,327],[-23,443],[-11,99]],[[94713,85461],[-3,24],[-6,43],[-5,37],[-4,28],[-13,81],[-12,66],[-4,22],[-4,22],[-4,21],[-5,21],[-7,33],[-6,25],[-3,16],[-4,16],[-4,16],[-4,16],[-3,11],[-5,20],[-11,38],[-7,26],[-8,25],[-7,21],[-4,14],[-4,11],[-5,13],[-3,11],[-5,13],[-48,121],[-9,19],[-31,62],[-27,44],[-10,16],[-3,4],[-2,4],[-5,7],[-5,8],[-5,6],[-3,3],[-4,6],[-6,8],[-6,7],[-6,7],[-4,5],[-5,5],[-4,5],[-6,6],[-4,5],[-5,4],[-3,3],[-6,5],[-6,6],[-6,5],[-6,5],[-8,6],[-6,4],[-6,4],[-6,4],[-3,2],[-7,3],[-4,3],[-10,5],[-7,3],[-5,2],[-5,2],[-4,1],[-7,2],[-7,2],[-11,3],[-8,1],[-8,1],[-8,0],[-8,1],[-6,-1],[-10,0],[-9,-1],[-6,-2],[-7,-1]],[[75256,85766],[-72,-46],[-124,-41],[-137,9],[-111,40],[-135,22],[-158,-14],[-96,-30],[-136,-71],[-106,-78],[-81,-29],[-52,1],[-86,34],[-97,93],[-78,121],[-85,194],[-62,197],[-30,119],[-50,259],[-44,356],[-26,168]],[[94172,86571],[-4,-1],[-6,-2],[-18,-6],[-120,-63],[-166,-63],[-170,-34],[-156,-5],[-129,15],[-83,18],[-132,45],[-83,37],[-124,69],[-152,108],[-146,129],[-29,-8],[-16,-2],[-5,1],[-3,0],[-3,0],[-4,1],[-4,0],[-5,1],[-5,1],[-6,2],[-5,2],[-5,2],[-4,2],[-4,2],[-4,2],[-5,3],[-5,3],[-4,3],[-5,3],[-5,4],[-3,3],[-3,2],[-5,4],[-4,4],[-4,4],[-4,3],[-4,5],[-4,4],[-5,6],[-3,4],[-6,7],[-5,6],[-3,5],[-2,3],[-3,3],[-2,4],[-2,3],[-2,3],[-3,4],[-3,5],[-3,6],[-3,3],[-2,4],[-3,6],[-4,7],[-8,15],[-9,17],[-2,4],[-15,34],[-20,50],[-9,27],[-8,22],[-6,19],[-6,21],[-6,20]],[[85740,89108],[-305,-97],[-306,23]],[[93850,89162],[110,-45],[73,4],[65,-109],[32,-107],[27,-191],[5,-94],[-6,-190],[-24,-161],[-24,-240],[-8,-344],[6,-179],[19,-235],[47,-700]],[[93038,90706],[82,-72],[83,-101],[112,-185],[96,-217],[73,-213],[74,-273],[69,-175],[60,-115],[82,-118],[81,-75]],[[94713,85461],[111,2],[176,36],[164,71],[116,72],[155,125],[36,227],[69,295],[37,124],[57,152],[119,233],[35,103],[38,185],[17,157],[4,231],[-10,162],[38,377],[38,233],[65,290],[42,146],[60,164],[101,205],[61,87],[79,81],[59,41],[86,139],[43,119],[40,164],[19,117],[23,253],[-2,310],[11,139],[7,294],[-9,212],[-37,313],[-28,135],[-37,138],[-46,372],[-17,247],[-10,340],[3,235]],[[96426,92787],[69,-59],[83,-23],[52,12],[197,2],[157,13],[168,28],[190,46],[240,82],[172,75],[138,70],[171,99]],[[96426,92787],[-48,66],[-57,110],[-41,105],[-108,231],[-85,152],[-97,146],[-154,174],[-90,74],[-157,82],[-87,-17],[-46,23],[-63,72],[-68,150]],[[95325,94155],[-35,120],[-149,43],[-203,45],[-275,35],[-180,7],[-168,-5],[-216,-23],[-119,-20],[-215,-51],[-54,-76],[-79,-76],[-116,-41],[-96,25],[-57,42],[-25,50],[-5,9],[-2,3],[-2,3],[-6,10],[-4,6],[-1,1],[-2,3],[-57,58],[-51,14]],[[97265,98503],[-91,-58],[-104,-30],[-136,19]],[[96934,98434],[-118,70],[-104,107],[-108,161],[-64,126],[-54,127],[-17,134],[-58,289],[-55,171],[-96,190],[-52,66],[-149,67],[-142,40],[-195,17],[-119,-11],[-106,-24],[-135,-49]]],"transform":{"scale":[0.001563072810077989,0.0002819672308958864],"translate":[-124.25107497200088,29.911390059300448]}}