{"type":"Topology","objects":{"Polygons":{"type":"GeometryCollection","crs":{"type":"name","properties":{"name":"urn:ogc:def:crs:OGC:1.3:CRS84"}},"geometries":[{"type":"Polygon","properties":{"Color":1,"Country":"United States","State":"Washington"},"arcs":[[0,1,2]]},{"type":"Polygon","properties":{"Color":2,"Country":"United States","State":"Oregon"},"arcs":[[3,4,5,6,-2]]},{"type":"Polygon","properties":{"Color":3,"Country":"United States","State":"Idaho"},"arcs":[[7,8,9,10,-4,-1,11]]},{"type":"Polygon","properties":{"Color":2,"Country":"United States","State":"Montana"},"arcs":[[12,13,14,-8,15]]},{"type":"Polygon","properties":{"Color":1,"Country":"United States","State":"Wyoming"},"arcs":[[16,17,18,-9,-15,19]]},{"type":"Polygon","properties":{"Color":4,"Country":"United States","State":"California"},"arcs":[[20,21,22,-6]]},{"type":"Polygon","properties":{"Color":1,"Country":"United States","State":"Nevada"},"arcs":[[23,-21,-5,-11,24]]},{"type":"Polygon","properties":{"Color":2,"Country":"United States","State":"New Mexico"},"arcs":[[25,26,27,28,29,30]]},{"type":"Polygon","properties":{"Color":3,"Country":"United States","State":"Arizona"},"arcs":[[-28,31,-22,-24,32]]},{"type":"Polygon","properties":{"Color":3,"Country":"United States","State":"Colorado"},"arcs":[[33,34,-30,35,-18,36]]},{"type":"Polygon","properties":{"Color":4,"Country":"United States","State":"Utah"},"arcs":[[-19,-36,-29,-33,-25,-10]]},{"type":"Polygon","properties":{"Color":4,"Country":"United States","State":"Texas"},"arcs":[[37,38,39,-26,40]]},{"type":"Polygon","properties":{"Color":3,"Country":"United States","State":"Oklahoma"},"arcs":[[41,42,-41,-31,-35,43]]},{"type":"Polygon","properties":{"Color":1,"Country":"United States","State":"Kansas"},"arcs":[[44,-44,-34,45]]},{"type":"Polygon","properties":{"Color":3,"Country":"United States","State":"South Dakota"},"arcs":[[46,47,48,-20,-14,49]]},{"type":"Polygon","properties":{"Color":2,"Country":"United States","State":"Nebraska"},"arcs":[[50,51,-46,-37,-17,-49]]},{"type":"Polygon","properties":{"Color":1,"Country":"United States","State":"North Dakota"},"arcs":[[52,-50,-13,53]]},{"type":"Polygon","properties":{"Color":2,"Country":"United States","State":"Minnesota"},"arcs":[[54,55,-47,-53,56]]},{"type":"Polygon","properties":{"Color":4,"Country":"United States","State":"Iowa"},"arcs":[[57,58,-51,-48,-56,59]]},{"type":"Polygon","properties":{"Color":3,"Country":"United States","State":"Missouri"},"arcs":[[60,61,62,-42,-45,-52,-59,63]]},{"type":"Polygon","properties":{"Color":1,"Country":"United States","State":"Georgia"},"arcs":[[64,65,66,67,68]]},{"type":"Polygon","properties":{"Color":3,"Country":"United States","State":"Mississippi"},"arcs":[[69,70,71,72,73]]},{"type":"Polygon","properties":{"Color":2,"Country":"United States","State":"Louisiana"},"arcs":[[74,-39,75,-71]]},{"type":"Polygon","properties":{"Color":1,"Country":"United States","State":"Arkansas"},"arcs":[[-72,-76,-38,-43,-63,76]]},{"type":"Polygon","properties":{"Color":2,"Country":"United States","State":"Tennessee"},"arcs":[[77,78,-73,-77,-62,79,80]]},{"type":"Polygon","properties":{"Color":2,"Country":"United States","State":"Florida"},"arcs":[[-66,81,82]]},{"type":"Polygon","properties":{"Color":4,"Country":"United States","State":"Alabama"},"arcs":[[83,-67,-83,84,-74,-79]]},{"type":"Polygon","properties":{"Color":3,"Country":"United States","State":"South Carolina"},"arcs":[[85,-69,86]]},{"type":"Polygon","properties":{"Color":4,"Country":"United States","State":"North Carolina"},"arcs":[[87,-87,-68,-84,-78,88]]},{"type":"Polygon","properties":{"Color":3,"Country":"United States","State":"Wisconsin"},"arcs":[[89,90,91,-60,-55,92]]},{"type":"Polygon","properties":{"Color":1,"Country":"United States","State":"Illinois"},"arcs":[[93,94,-64,-58,-92,95]]},{"type":"Polygon","properties":{"Color":2,"Country":"United States","State":"Indiana"},"arcs":[[96,97,-94,98,99]]},{"type":"Polygon","properties":{"Color":3,"Country":"United States","State":"Kentucky"},"arcs":[[100,101,-80,-61,-95,-98,102]]},{"type":"Polygon","properties":{"Color":2,"Country":"United States","State":"Virginia"},"arcs":[[103,104,-89,-81,-102,105]]},{"type":"Polygon","properties":{"Color":1,"Country":"United States","State":"Ohio"},"arcs":[[106,107,-103,-97,108,109]]},{"type":"Polygon","properties":{"Color":4,"Country":"United States","State":"Maryland"},"arcs":[[110,111,-104,112,113]]},{"type":"Polygon","properties":{"Color":4,"Country":"United States","State":"West Virginia"},"arcs":[[-113,-106,-101,-108,114]]},{"type":"Polygon","properties":{"Color":1,"Country":"United States","State":"Delaware"},"arcs":[[115,-111,116]]},{"type":"Polygon","properties":{"Color":3,"Country":"United States","State":"Pennsylvania"},"arcs":[[117,118,-117,-114,-115,-107,119,120]]},{"type":"Polygon","properties":{"Color":4,"Country":"United States","State":"New Jersey"},"arcs":[[121,122,-118,123]]},{"type":"Polygon","properties":{"Color":1,"Country":"United States","State":"Rhode Island"},"arcs":[[124,125,126]]},{"type":"Polygon","properties":{"Color":3,"Country":"United States","State":"Connecticut"},"arcs":[[-125,127,-122,128,129]]},{"type":"MultiPolygon","properties":{"Color":2,"Country":"United States","State":"New York"},"arcs":[[[130,131,-129,-124,-121,132]],[[133]]]},{"type":"Polygon","properties":{"Color":4,"Country":"United States","State":"Massachusetts"},"arcs":[[134,-126,-130,-132,135,136,137]]},{"type":"Polygon","properties":{"Color":1,"Country":"United States","State":"Vermont"},"arcs":[[-136,-131,138,139]]},{"type":"Polygon","properties":{"Color":2,"Country":"United States","State":"New Hampshire"},"arcs":[[140,-137,-140,141]]},{"type":"Polygon","properties":{"Color":3,"Country":"United States","State":"Maine"},"arcs":[[-138,-141,142]]},{"type":"MultiPolygon","properties":{"Color":4,"Country":"United States","State":"Michigan"},"arcs":[[[-90,143]],[[-109,-100,144]]]},{"type":"MultiPolygon","properties":{"Color":1,"Country":"United Kingdom","State":null},"arcs":[[[145]],[[146]],[[147]],[[148,149]]]},{"type":"Polygon","properties":{"Color":2,"Country":"Ireland","State":null},"arcs":[[150,-149]]},{"type":"Polygon","properties":{"Color":4,"Country":"Portugal","State":null},"arcs":[[151,152]]},{"type":"Polygon","properties":{"Color":2,"Country":"Bosnia and Herzegovina","State":null},"arcs":[[153,154,155]]},{"type":"Polygon","properties":{"Color":2,"Country":"Albania","State":null},"arcs":[[156,157,158,159]]},{"type":"Polygon","properties":{"Color":1,"Country":"The Former Yugoslav Republic of Macedonia","State":null},"arcs":[[160,161,162,-157,163]]},{"type":"Polygon","properties":{"Color":4,"Country":"Greece","State":null},"arcs":[[164,-158,-163,165]]},{"type":"Polygon","properties":{"Color":3,"Country":"Turkey","State":null},"arcs":[[-166,-162,166,167]]},{"type":"Polygon","properties":{"Color":3,"Country":"Serbia","State":null},"arcs":[[-164,-160,168,-154,169,170,171]]},{"type":"Polygon","properties":{"Color":2,"Country":"Bulgaria","State":null},"arcs":[[-167,-161,-172,172,173]]},{"type":"Polygon","properties":{"Color":3,"Country":"Moldova","State":null},"arcs":[[174,175,176]]},{"type":"Polygon","properties":{"Color":4,"Country":"Romania","State":null},"arcs":[[-176,177,-173,-171,178,179,180,181]]},{"type":"MultiPolygon","properties":{"Color":1,"Country":"Italy","State":null},"arcs":[[[182,183,184,185,186]],[[187]],[[188]]]},{"type":"Polygon","properties":{"Color":4,"Country":"Croatia","State":null},"arcs":[[-179,-170,-156,189,-183,190,191]]},{"type":"Polygon","properties":{"Color":3,"Country":"Slovakia","State":null},"arcs":[[192,-181,193,194,195]]},{"type":"Polygon","properties":{"Color":3,"Country":"Russian Federation","State":null},"arcs":[[196,197,198]]},{"type":"Polygon","properties":{"Color":1,"Country":"Ukraine","State":null},"arcs":[[-177,-182,-193,199,200,201]]},{"type":"Polygon","properties":{"Color":3,"Country":"Belarus","State":null},"arcs":[[-201,202,203,204,205]]},{"type":"MultiPolygon","properties":{"Color":3,"Country":"Estonia","State":null},"arcs":[[[206,207]],[[208]],[[209]]]},{"type":"Polygon","properties":{"Color":2,"Country":"Latvia","State":null},"arcs":[[210,-205,211,212,-207]]},{"type":"Polygon","properties":{"Color":4,"Country":"Lithuania","State":null},"arcs":[[-204,213,-199,214,-212]]},{"type":"Polygon","properties":{"Color":2,"Country":"Hungary","State":null},"arcs":[[-194,-180,-192,215,216]]},{"type":"Polygon","properties":{"Color":2,"Country":"Poland","State":null},"arcs":[[-197,-214,-203,-200,-196,217,218,219]]},{"type":"Polygon","properties":{"Color":1,"Country":"Czech Republic","State":null},"arcs":[[-195,-217,220,221,-218]]},{"type":"Polygon","properties":{"Color":3,"Country":"Austria","State":null},"arcs":[[-216,-191,-187,222,223,-221]]},{"type":"MultiPolygon","properties":{"Color":1,"Country":"Spain","State":null},"arcs":[[[224,-153,225,226]],[[227]],[[228]],[[229]]]},{"type":"Polygon","properties":{"Color":2,"Country":"Belgium","State":null},"arcs":[[230,231,232,233,234]]},{"type":"Polygon","properties":{"Color":2,"Country":"Switzerland","State":null},"arcs":[[-223,-186,235,236]]},{"type":"MultiPolygon","properties":{"Color":3,"Country":"France","State":null},"arcs":[[[237,-236,-185,238,-227,239,-232]],[[240]]]},{"type":"Polygon","properties":{"Color":2,"Country":"Denmark","State":null},"arcs":[[241,242]]},{"type":"Polygon","properties":{"Color":1,"Country":"Netherlands","State":null},"arcs":[[243,-235,244,245]]},{"type":"Polygon","properties":{"Color":4,"Country":"Germany","State":null},"arcs":[[246,-219,-222,-224,-237,-238,-231,-244,247,-242]]}]}},"arcs":[[[5143,68509],[14,-4279],[-14,-4418],[-125,-66]],[[5018,59746],[-228,0],[-224,151],[-285,-114],[-411,-19],[-210,-78],[-321,-299],[-180,-278],[-279,-541],[-120,-143],[-128,-82],[-137,-15],[-134,58],[-129,127],[-178,264],[-128,67],[-88,-28],[-86,-89],[-59,-103],[-63,-199],[-64,-95],[-71,-24],[-105,58],[-100,76],[-82,209],[-51,329],[-4,369],[-82,526],[-132,495],[-138,282]],[[801,60650],[-112,330],[-72,437],[-52,1488],[-55,606],[-83,473],[-118,429],[-105,700],[-58,752],[-9,771],[100,202],[94,-38],[214,-167],[348,-426],[327,-136],[67,-103],[55,-157],[40,-203],[22,-231],[33,-113],[63,-106],[70,-14],[57,62],[48,122],[31,167],[12,192],[-50,909],[-26,225],[-87,662],[-59,123],[-29,205],[33,508],[39,163],[55,109],[70,42],[953,-83],[1563,-38],[963,-3]],[[5018,59746],[54,-250],[71,-192],[44,-264],[25,-399],[-16,-405],[-32,-256],[-49,-224],[-185,-466],[-132,-492],[-99,-582],[-38,-467],[0,-313],[19,-311],[45,-343],[67,-295],[16,-356],[-10,-280],[-52,-601],[-17,-649],[11,-555],[58,-1170],[1,-978],[-39,-868],[-31,-398],[-53,-350],[-11,-377]],[[4665,47905],[2,-41],[-1734,63]],[[2933,47927],[-2595,163],[-39,100]],[[299,48190],[-99,436],[-67,495],[-33,541],[3,551],[48,604],[187,1298],[75,881],[38,747],[-9,549],[17,552],[45,554],[72,523],[17,356],[-13,493],[-83,655],[-6,310],[34,275],[64,188],[63,281],[65,449],[30,391],[54,1331]],[[5728,68400],[-51,-3793],[8,-173],[35,-180],[133,-345],[134,-454],[184,-854],[110,-342],[130,-607],[101,-667],[70,-704],[36,-684],[3,-732],[12,-191],[67,-287],[102,-108],[136,-271],[119,-438],[39,-411],[112,-429],[25,-525],[74,-431],[106,-291],[149,-153],[65,-149],[75,-286],[61,-419],[47,-136],[71,-46],[68,91],[108,639],[54,160],[63,100],[87,35],[359,-135]],[[8620,55184],[57,-7277]],[[8677,47907],[-343,-2],[-1666,48]],[[6668,47953],[-2003,-48]],[[5143,68509],[585,-109]],[[13086,68184],[-3,-8895]],[[13083,59289],[-32,-2104]],[[13051,57185],[-4422,-197],[-9,-1804]],[[5728,68400],[2348,-137],[1543,-74],[3467,111],[0,-116]],[[13072,50724],[0,-5384]],[[13072,45340],[0,-118],[-3199,-472]],[[9873,44750],[-1192,51],[-4,3106]],[[13051,57185],[21,-6461]],[[2933,47927],[-194,-9742],[1568,-5174],[1544,-5400]],[[5851,27611],[280,-1011],[12,-140],[34,-607],[9,-623],[-16,-622],[-39,-598],[-51,-1751],[12,-1950],[-45,-556],[-86,-466]],[[5961,19287],[-74,-225],[-160,-342],[-114,-140],[-116,-55],[-168,72],[-198,291],[-155,143],[-162,52],[-199,-40],[-109,102],[-74,174],[-60,241],[-44,507],[-111,693],[-102,484],[-105,380],[-119,326],[-281,492],[-43,221],[-67,629],[-107,433],[-122,228],[-187,105],[-114,143],[-103,224],[-123,391],[-107,199],[-127,102],[-129,-24],[-65,81],[-103,234],[-85,340],[-73,576],[-15,634],[-202,1500],[-253,1438],[-299,1311],[60,144],[42,226],[17,268],[-11,273],[-196,595],[-153,750],[-76,586],[-93,1126],[-129,1103],[-176,1108],[-213,1028],[-94,767],[-34,633],[7,692],[-24,542],[-71,602],[-113,511],[-29,477],[22,384],[101,548],[66,739],[15,745],[-44,957],[-1,572],[14,317],[126,1290]],[[6527,33286],[17,-1869],[-521,-1547],[-48,-400],[-32,-420],[-13,-435],[4,-446],[-83,-558]],[[6668,47953],[-27,-3557],[-61,-3577],[17,-1826],[-4,-1843],[-21,-1775],[-45,-2089]],[[13487,31364],[8,-5317],[-23,-7665],[-2560,-610]],[[10912,17772],[-32,-8],[-45,125],[-54,44],[-119,-172],[-71,14],[-61,156],[-50,334],[-38,149],[-57,97],[-61,0],[-90,-186],[-77,-303],[-107,-780],[-126,-547],[-20,-442],[-24,-129],[-56,-9],[-98,391],[-109,188]],[[9617,16694],[34,1735],[-44,320],[70,9931],[15,4484]],[[9692,33164],[46,0],[1,137]],[[9739,33301],[1999,108],[1746,103]],[[13484,33512],[3,-2148]],[[9617,16694],[-10,-515],[-846,-72],[-537,-342],[-88,8],[-70,89],[-63,159],[-150,774],[-146,382],[-493,444],[-490,748],[-132,85],[-158,-23],[-97,65],[-376,791]],[[6527,33286],[268,-122],[2897,0]],[[14133,42215],[-33,-8539]],[[14100,33676],[-1,-127],[-615,-37]],[[9739,33301],[134,11449]],[[13072,45340],[1078,-85],[-17,-3040]],[[18693,22634],[187,-79],[53,-119],[39,-183],[23,-362],[-31,-1133]],[[18964,20758],[-61,-2675],[14,-364],[70,-600],[21,-443],[-13,-2899],[-24,-1576]],[[18971,12201],[-250,-143],[-108,-235],[-53,-248],[-112,-790],[-122,-539],[-327,-1121],[-138,-356],[-211,-436],[-152,-497],[-117,-595],[-96,-804],[-66,-363],[-120,-538],[-180,-652],[-59,-463],[-25,-519],[8,-432],[51,-668],[19,-540],[-6,-517],[-37,-772],[3,-548],[-29,-274],[-60,-151],[-311,324],[-321,656],[-175,461],[-174,657],[-107,645],[-70,790],[-87,663],[-155,830],[-73,143],[-56,242],[-78,952],[-429,2471],[-48,394],[-54,632],[-53,398],[-71,363],[-84,300],[-106,228],[-415,511],[-161,87],[-294,18],[-101,-157],[-120,-428],[-43,-387],[-20,-681],[-31,-223],[-45,-169],[-67,-76],[-99,-9],[-177,195],[-87,218],[-89,369],[-192,343],[-96,414],[-20,154],[-19,382],[-41,1415],[-39,445],[-57,408],[-179,608],[-161,754],[-57,152],[-98,64],[-91,181],[-247,846],[-258,749],[-116,440]],[[13487,31364],[1742,61],[0,-4877],[35,-236],[64,-92],[136,58],[125,-73],[113,-190],[97,-295],[279,-343],[196,-107],[177,48],[145,-134],[49,-87],[38,-505],[80,-419],[124,-319],[130,-198],[212,-84],[430,366],[169,31],[167,-58],[174,-155],[169,-254],[134,-285],[149,-442],[72,-141]],[[18586,33561],[17,0],[27,-1346],[107,-104],[-1,-57]],[[18736,32054],[-66,-7977],[-53,-107],[76,-1336]],[[14100,33676],[62,-115],[1680,-51],[2744,51]],[[18049,42519],[125,-214],[61,-192],[43,-252],[19,-253],[1,-425],[16,-276],[147,-841],[35,-382],[27,-619],[71,-388],[5,-1465],[20,-1010],[-29,-965],[-4,-1676]],[[14133,42215],[912,119],[1488,87],[208,-119],[337,119],[405,-115],[207,68],[229,186],[130,-41]],[[17284,59373],[24,-166],[-21,-172],[-37,-58],[-106,59],[-77,-91],[-80,-288],[-21,-291],[46,-427],[-18,-474],[20,-334],[70,-311],[55,-103],[61,-46],[24,-83],[13,-128],[-1,-306],[52,-215],[47,-518],[47,-1174],[0,-371],[-29,-290],[31,-569],[2,-509]],[[17386,52508],[-39,-1031],[-3,-1043],[-23,-384]],[[17321,50050],[-152,301],[-170,154],[-556,-64],[-61,48],[-73,166],[-50,52],[-479,9],[-357,66],[-393,-68],[-570,21],[-403,-143],[-104,81],[-881,51]],[[13083,59289],[1588,-58],[1045,63],[520,-21],[296,-81],[242,68],[294,219],[188,-62],[28,-44]],[[17321,50050],[55,-167],[84,-380],[107,-749],[41,-524],[20,-730],[39,-548],[35,-312],[104,-442],[45,-385],[17,-359],[-8,-489],[12,-424],[35,-427],[63,-454]],[[17970,43660],[56,-554],[23,-587]],[[17058,67439],[-14,-412],[8,-368],[87,-826],[25,-408],[-9,-837],[10,-274],[83,-606],[47,-472],[26,-475],[18,-723],[43,-212],[101,-169],[24,-146],[-77,-617],[-38,-1202],[-39,-196],[-69,-123]],[[13086,68184],[1388,112],[1709,-49],[708,49],[65,-48],[53,-121],[36,-175],[13,-513]],[[20025,61792],[-63,-536],[-71,-276],[-34,-209],[-27,-571],[-27,-273],[-111,-540],[-39,-313],[-11,-512],[47,-471],[7,-236],[-13,-233],[-51,-389],[-6,-323],[35,-473],[41,-269],[306,-1050],[304,-1494],[50,-425],[10,-462]],[[20372,52737],[-738,-85],[-945,-20],[-1023,-198],[-280,74]],[[17058,67439],[141,-136],[146,-54],[679,101],[115,102],[107,168],[104,251],[85,314],[39,43],[51,-106],[9,-280],[34,-248],[85,-273],[107,-127],[141,-97],[284,-33],[136,-61],[138,-128],[132,-193],[149,-320],[166,-500],[73,-347],[66,-583],[49,-161],[62,-97],[250,14],[201,-79],[187,10],[281,103],[274,203],[23,-32],[-7,-113],[-157,-172],[-243,-518],[-127,-149],[-132,-68],[-42,-149],[-67,-456],[-108,-337],[-45,-245],[-100,-226],[-193,-253],[-69,-186],[-57,-229]],[[21194,49096],[9,-211],[-6,-1009],[21,-917],[-25,-268],[-71,-296],[-142,-233],[-119,-342],[-67,-292],[-63,-418],[-82,-400],[-219,-836]],[[20430,43874],[-2,-6],[-2458,-208]],[[20372,52737],[130,-301],[51,-338],[5,-1129],[30,-571],[32,-238],[47,-162],[60,-100],[176,-4],[114,-127],[132,-394],[45,-277]],[[21724,33617],[-17,-676],[-51,-650]],[[21656,32291],[-3,-13]],[[21653,32278],[-1323,0],[-1594,-224]],[[20430,43874],[16,-882],[29,-621],[46,-571],[102,-939],[-1,-723],[32,-195],[56,-92],[91,-7],[82,-137],[48,-169],[103,-548],[148,-1041],[58,-640],[32,-585],[29,-197],[48,-141],[182,-289],[128,-472],[26,-284],[-4,-749],[43,-975]],[[26601,19946],[-8,-319],[-110,-785],[-75,-772],[-97,-1918],[-88,-1088]],[[26223,15064],[-38,18],[-177,-317],[-196,-169],[-72,117],[-57,355],[-51,194],[-112,178],[-455,-87],[-374,-167],[-84,17],[-80,95],[-73,167],[-177,570],[-98,428]],[[24179,16463],[51,157],[37,219],[20,379],[-43,2882],[-78,2725],[-105,2382],[-30,2664]],[[24031,27871],[282,200],[259,-168],[254,180],[420,63]],[[25246,28146],[29,-35],[36,-73],[124,-751],[115,-856],[81,-740],[21,-465],[50,-434],[100,-440],[353,-990],[129,-881],[135,-1463],[70,-445],[86,-405],[16,-104],[10,-118]],[[22300,14529],[-320,213],[-100,-66],[-85,-265],[-79,-576],[-94,-487]],[[21622,13348],[-21,86],[-85,83],[-52,227],[-45,648],[-5,931],[-43,283],[-74,197],[-104,71],[-638,-459],[-103,129],[-71,333],[-25,580],[-53,498],[3,349],[12,121],[356,1444],[62,361],[33,366],[12,388],[-10,388],[-32,367],[-37,204]],[[20702,20943],[-4,529],[-50,700],[-10,417],[13,392],[45,542],[1,923],[47,605],[213,1303],[234,1017]],[[21191,27371],[339,92],[865,412]],[[22395,27875],[39,-3713],[-63,-2925],[-40,-4400],[-31,-2308]],[[21622,13348],[7,-143],[-23,-411],[-88,-815],[22,-233],[113,-352],[-3,-199],[-40,-110],[-32,30],[-123,360],[-92,125],[-77,15],[-152,-86],[-79,66],[-72,150],[-123,100],[-127,26],[-169,-54],[-94,309],[-151,255],[-135,400],[-32,-58],[-14,-455],[-47,-125],[-439,-109],[-448,195],[-97,-30],[-93,-108],[-43,110]],[[18964,20758],[495,-21],[1243,206]],[[21653,32278],[15,-253],[-138,-920],[-74,-732],[-33,-556],[-27,-856],[-36,-501],[-71,-577],[-98,-512]],[[25407,32717],[-44,-248],[-40,-99],[-54,-533],[-73,-300],[-147,-250],[-114,-380],[-180,-426],[-164,-286],[-136,-113],[-104,-247],[-83,-456],[-118,-383],[-59,-264],[-53,-377],[-17,-324]],[[24021,28031],[-881,62],[-745,-218]],[[21656,32291],[1288,267],[311,0],[57,-90],[1815,283]],[[25127,32751],[282,31],[-2,-65]],[[26223,15064],[27,-156],[-7,-558],[31,-493],[52,-363],[75,-295],[64,-459],[94,-800],[76,-835],[71,-1100],[48,-1548],[44,-659],[84,-692],[130,-640],[42,-296],[98,-1255],[20,-831],[-18,-834],[-39,-621],[-97,-1036],[-7,-398],[25,-498],[-6,-161],[-33,-234],[-57,-125],[-49,2],[-158,199],[-171,20],[-72,126],[-54,235],[-53,509],[-67,410],[-74,311],[-135,425],[-74,398],[-45,438],[-4,607],[-27,594],[-182,1146],[-85,922],[-27,956],[30,1058],[-2,382],[-32,490],[-58,391],[-6,453],[-30,474],[-93,691],[-155,596],[-74,522],[-103,426],[-97,290],[-107,227],[-119,173],[-118,82],[-99,1],[-122,-264],[-206,-213],[-106,-25],[-103,68],[-69,104],[-56,159],[-48,246],[-57,499],[-44,147],[-52,75],[-834,-24]],[[22903,14503],[-1,674],[34,517],[71,409],[99,314],[66,124],[121,26],[101,204],[98,66],[117,-54],[168,-256],[168,-26],[136,-129],[98,91]],[[24021,28031],[10,-160]],[[22903,14503],[-25,-274],[-226,175],[-297,57],[-55,68]],[[28093,25080],[5,-30],[-98,-61],[-80,-155],[-100,-356],[-40,-297],[-30,-470],[-84,-499],[-8,-568],[-71,-391],[-76,-183],[-157,-138],[-184,-367],[-220,-288],[-54,-333],[-7,-698],[-58,-283],[-64,-72],[-166,55]],[[25246,28146],[80,179],[89,91],[462,52],[536,255],[161,-68],[150,-254],[95,-296],[135,-185],[167,-100],[178,31],[87,-118],[50,-169],[62,-349],[107,-231],[55,-188],[82,-599],[46,-226],[79,-209],[92,-89],[134,-593]],[[29410,33294],[42,-118],[22,-183],[1,-363],[-19,-345],[-31,-196],[-64,-232],[-9,-278],[33,-211],[66,-194],[76,-99],[89,-10],[50,-130],[17,-126],[0,-642],[-16,-136],[-67,-180],[-74,18],[-42,123],[-42,293],[-62,217],[-42,271],[-79,68],[-40,-52],[-41,-243],[-60,-650],[30,-294],[107,-217],[34,-203],[-7,-604],[-51,-452],[-66,-172],[-191,-104],[-112,-257],[-59,-249],[-98,-592],[-128,-460],[-46,-460],[-56,-240],[-318,-483],[-64,-29]],[[25407,32717],[276,142],[1160,211],[59,116],[1805,-193],[203,58],[129,154],[332,115],[39,-26]],[[21171,61221],[64,-167],[160,-590],[172,-372],[56,-80],[132,-44],[114,-168],[433,-474],[60,-107],[108,-363],[62,-527],[63,-302],[23,-175],[14,-186],[7,-252],[-3,-162],[-16,-232]],[[22620,57020],[-73,-485],[-2,-573],[-23,-338],[-78,-458],[-136,-447],[-21,-243],[11,-252],[33,-187],[50,-132],[56,-69],[60,2],[56,72],[46,137],[136,813],[31,102],[54,43],[43,-58],[23,-127],[2,-217],[-39,-458],[-131,-569],[-42,-289],[-18,-327],[6,-538],[-25,-334],[-40,-244],[-98,-398],[-2,-630],[-33,-519],[0,-787]],[[22466,49510],[-68,-7],[-232,-234],[-223,-124],[-183,-26],[-307,48],[-259,-71]],[[20025,61792],[398,-576],[139,-32],[134,107],[114,97],[117,21],[142,-49],[102,-139]],[[22962,46334],[-34,-415],[-55,-2120],[-15,-1469],[0,-2291],[-50,-641],[-109,-699],[-43,-377],[-45,-1021],[-46,-559],[11,-221],[38,-168],[90,-9],[75,-106]],[[22779,36238],[-61,-227],[-58,-120],[-186,-45],[-104,-157],[-157,-511],[-139,-670],[-83,-308],[-127,-337],[-140,-246]],[[22466,49510],[69,-80],[29,-306],[50,-262],[69,-274],[53,-309],[72,-773],[111,-719],[43,-453]],[[24444,47160],[-9,-250],[-26,-231],[-42,-604],[-17,-613],[8,-651],[37,-729],[-18,-1043],[16,-1694],[-40,-1251]],[[24353,40094],[-158,-365],[-138,-492],[-134,-741],[-43,-537],[-67,-265],[-108,-132],[-159,-308],[-164,-237],[-414,-350],[-100,-183],[-89,-246]],[[22962,46334],[108,379],[27,360],[25,51],[32,-13]],[[23154,47111],[723,82],[567,-33]],[[25770,37608],[50,-307],[33,-789],[81,-601],[7,-508]],[[25941,35403],[-45,1],[-183,-634],[-310,-853],[-124,-460],[-152,-706]],[[24353,40094],[91,60],[89,-78],[183,-546],[210,-317],[92,-411],[73,-202],[193,-225],[187,-404],[229,-205],[70,-158]],[[28221,39771],[149,39],[108,-38],[106,-110],[100,-178],[88,-237],[15,-204],[-48,-379],[-4,-378],[47,-396],[73,-306],[68,-163],[76,-96],[189,1]],[[29188,37326],[53,-166],[35,-578],[65,-305],[39,-305],[56,-264],[19,-210],[2,-307],[-37,-508],[2,-402],[-18,-442],[22,-404],[-16,-141]],[[25941,35403],[93,-285],[99,-83],[302,121],[309,19],[151,138],[144,226],[151,362],[132,458],[92,447],[148,910],[196,804],[107,342],[157,383],[40,242],[20,360],[139,-76]],[[26914,48005],[-31,-355],[-14,-370],[19,-1498],[-11,-1277],[-68,-1738]],[[26809,42767],[-42,-295],[-143,-613],[-78,-725],[-45,-281],[-88,-318],[-117,-219],[-102,-417],[-80,-419],[-158,-1070],[-186,-802]],[[24444,47160],[324,201],[547,-42]],[[25315,47319],[337,-318],[278,-431],[102,-32],[67,65],[60,129],[100,462],[60,185],[171,245],[193,420],[115,145],[126,71],[17,-79],[-27,-176]],[[29831,41504],[-38,-413],[10,-206],[52,-347],[18,-282],[-43,-1006],[20,-871],[10,-156],[12,-318]],[[29872,37905],[2,-557],[-25,-546],[-77,-723],[-19,-456],[-53,-169],[-40,7],[-33,83],[-17,127],[-1,176],[30,401],[94,512],[6,418],[-28,221],[-77,169],[-71,339],[-93,813],[-50,51],[-45,-98],[-25,-509],[-31,-301],[-56,-299],[-75,-238]],[[28221,39771],[-60,398],[-17,315],[-12,570],[11,569]],[[28143,41623],[471,-37],[925,165],[144,133],[127,288],[21,-668]],[[26809,42767],[118,-227],[176,-58],[38,-125],[-15,-337],[5,-234],[26,-308],[45,-278],[70,99],[101,251],[151,147],[619,-74]],[[29924,41449],[14,-556],[36,-545],[38,-364],[101,-583],[58,-773],[-18,-222],[-42,-170],[-150,-138],[-89,-193]],[[29831,41504],[35,-98],[58,43]],[[30142,45910],[10,-336],[-68,-612],[-17,-559],[23,-502],[60,-292],[18,-363],[-14,-235],[-57,-250]],[[30097,42761],[-73,-501],[-41,-629],[-59,-182]],[[26914,48005],[232,143]],[[27146,48148],[304,156],[963,-34],[946,192],[194,-130],[75,-253],[44,-337],[29,-428],[65,-373],[148,-419],[177,-380],[51,-232]],[[30547,45373],[5,-49]],[[30552,45324],[2,-744],[24,-643],[-37,-869],[-1,-1134],[-15,-353],[-55,-238],[-35,-253],[-50,-150],[-88,-90],[-88,74],[-52,244],[-30,288],[-3,776],[-27,529]],[[30142,45910],[142,-74],[226,-331],[37,-132]],[[31994,46673],[0,310],[21,356],[-39,371]],[[31976,47710],[110,148],[318,172]],[[32404,48030],[28,15],[172,-509],[59,-33],[57,64],[241,249],[24,70],[25,-18],[14,-76],[-288,-886],[-108,-231],[-116,-172],[-85,55],[-76,340],[-62,96],[-295,-321]],[[31994,46673],[-11,-280],[-60,-165],[-155,3],[-141,128],[-208,-51],[-492,-622],[-375,-362]],[[30547,45373],[83,392],[30,234],[60,685],[38,694]],[[30758,47378],[255,374],[87,68],[92,-19],[88,-109],[691,41],[5,-23]],[[30765,55764],[-10,-432],[35,-616],[13,-543],[-3,-889],[-28,-1033],[22,-850],[-5,-1595]],[[30789,49806],[-31,-2428]],[[27146,48148],[264,585],[227,752],[41,234],[25,261],[-3,644],[18,260],[48,235],[119,312],[153,187],[195,43],[185,105],[100,-69],[126,-250],[113,-31],[74,72],[100,264],[160,120],[93,168],[83,315],[83,611],[137,476],[52,302],[22,416],[-26,969],[17,231],[36,202],[169,373],[68,83],[77,-2],[131,-136],[102,8],[90,-58],[132,-210],[77,-55],[166,79],[129,187],[36,-67]],[[31186,45085],[249,-32],[35,8],[29,-71],[-102,-177],[-198,-17],[-179,-244],[-126,12],[-98,152],[185,0],[94,244],[111,125]],[[32329,50312],[55,-178],[24,-228],[-7,-311],[-56,-487],[53,-584],[6,-494]],[[30789,49806],[232,335],[399,100]],[[31420,50241],[737,135]],[[32157,50376],[101,9],[45,-32],[26,-41]],[[30765,55764],[65,255],[185,220],[119,32],[134,-61],[161,-1],[330,161]],[[31759,56370],[24,-84],[-3,-118],[8,-576],[-42,-560],[-77,-447],[-91,-274],[-43,-202],[-74,-830],[-118,-643],[-36,-344],[-7,-340],[25,-664],[38,-529],[57,-518]],[[32065,56917],[36,-229],[33,-258],[23,-213],[33,-393],[13,-217],[11,-242],[6,-244],[2,-261],[-3,-293],[-34,-984],[26,-1318],[-54,-1889]],[[31759,56370],[159,506],[77,76],[70,-35]],[[32065,56917],[11,245],[22,72],[46,47],[77,-48],[94,90],[87,196],[64,283],[31,282],[31,657],[92,655],[38,386],[46,1321],[102,641],[130,571],[93,313],[68,75],[39,-21],[208,-406],[77,-19],[73,78],[94,-2],[112,-272],[90,-33],[54,-131],[37,-184],[17,-226],[-16,-621],[59,-3028],[20,-131],[35,-89],[42,-32],[73,31],[58,-136],[26,-501],[31,-280],[51,-257],[57,-118],[37,-189],[21,-337],[-7,-216],[-35,-201],[-55,-130],[-324,-293],[-249,-70],[-179,-223],[-189,-402],[-195,-645],[-104,-269],[-112,-205],[-169,-183],[-71,-134],[-61,-209],[-41,-260],[-18,-248],[-5,-401],[-26,-266],[-141,-606],[-82,-526]],[[21171,61221],[99,174],[106,120],[269,106],[177,387],[194,206],[108,276],[93,445],[117,362],[144,304],[155,203],[44,-44],[31,-116],[8,-141],[-16,-174],[-34,-134],[-102,-190],[-105,-308],[-77,-332],[-16,-242],[13,-165],[30,-138],[154,-314],[119,-351],[125,-222],[141,-53],[199,164],[259,-1],[103,103],[193,314],[88,40],[117,-26],[97,-132],[73,-268],[62,-112],[375,10],[108,-217],[99,-88],[42,-165],[11,-313],[40,-394],[-11,-146],[-27,-119],[-91,-108],[-174,-25],[-188,118],[-125,-59],[-100,-157],[-106,-329],[-55,-85],[-50,-4],[-71,88],[-60,12],[-66,-66],[-117,-248],[-82,-85],[-81,-15],[-208,71],[-94,-39],[-89,-206],[-80,-425],[-111,-423],[-208,-525]],[[23154,47111],[134,786],[206,770],[67,482],[32,410],[-2,660],[-89,647],[-50,493],[-35,557],[-11,567],[5,1077],[30,949],[62,985],[82,817],[34,192],[50,43],[54,-137],[27,-259],[39,-132],[63,-39],[65,102],[32,178],[-7,404],[33,309],[82,151],[60,177],[51,260],[26,325],[43,259],[65,221],[85,162],[71,10],[62,-109],[36,-173],[6,-236],[31,-218],[51,-171],[65,-97],[128,-43],[116,-194],[89,-327],[49,-410],[56,-2022],[-47,-570],[-125,-613],[-6,-232],[24,-232],[44,-151],[58,-70],[65,31],[76,194],[52,44],[49,-41],[62,-171],[64,-94],[71,-26],[70,48],[-16,-896],[17,-486],[39,-574],[-4,-370],[-47,-416],[-111,-402],[-45,-273],[-18,-293],[10,-543],[-14,-391],[-46,-452],[-42,-240],[-12,1]],[[73995,98468],[-31,-74],[-36,-160],[-24,-69],[-63,-57],[-45,26],[-26,46],[-33,122],[-32,165],[-35,2],[-40,38],[-35,88],[-56,479],[58,143],[88,102],[77,41],[67,3],[69,-29],[44,-35],[65,-82],[48,-121],[60,-57],[28,-84],[12,-170],[-11,-96],[-43,-114],[-55,-34],[-51,-73]],[[73734,97035],[49,20],[79,-78],[47,-94],[31,-102],[27,-167],[10,-205],[-3,-263],[-10,-161],[-23,-216],[-39,-235],[-31,-142],[-69,-240],[-29,-126],[-32,-240],[-6,-220],[8,-156],[22,-177],[30,-148],[45,-145],[51,-58],[66,-43],[101,-8],[59,27],[80,77],[72,125],[65,176],[38,39],[50,14],[54,-29],[61,-106],[28,-99],[16,-115],[7,-340],[17,-209],[52,-398],[12,-149],[7,-178],[-2,-203],[-22,-289],[-29,-206],[-50,-252],[-42,-179],[-55,-200],[-87,-263],[-60,-150],[-67,-146],[-80,-150],[-41,-131],[-42,-158],[-62,-313],[-29,-210],[-24,-261],[-13,-300],[-1,-209],[5,-169],[17,-253],[67,-303],[73,-293],[58,-209],[82,-265],[67,-199],[71,-190],[109,-263],[78,-168],[117,-224],[114,-191],[62,-119],[112,-263],[75,-220],[48,-170],[49,-199],[53,-260],[33,-198],[38,-306],[35,-212],[42,-177],[31,-98],[56,-140],[88,-151],[70,-190],[72,-247],[45,-200],[42,-232],[32,-233],[24,-252],[14,-231],[5,-156],[-16,-180],[-3,-170],[19,-259],[46,-230],[44,-128],[56,-105],[33,-41],[68,-44],[63,38],[87,12],[50,-13],[92,-63],[60,-72],[89,-162],[46,-117],[34,-112],[40,-165],[46,-290],[10,-230],[4,-233],[-8,-368],[-12,-219],[-20,-246],[-21,-194],[-42,-290],[-49,-266],[-65,-275],[-42,-147],[-109,-335],[-36,-146],[-44,-273],[-17,-191],[-7,-155],[3,-279],[22,-170],[48,-227],[63,-178],[28,-128],[11,-168],[-15,-179],[-23,-100],[-93,-257],[-64,-148],[-102,-192],[-72,-110],[-105,-126],[-90,-79],[-111,-63],[-73,-22],[-85,-7],[-80,13],[-113,111],[-85,65],[-121,67],[-95,33],[-92,15],[-66,0],[-95,-13],[-70,-21],[-92,-42],[-64,-40],[-140,-138],[-87,-63],[-115,-58],[-61,-19],[-91,-14],[-79,-52],[-50,-78],[-34,-80],[-44,-161],[-29,-184],[-11,-147],[-22,-136],[-35,-153],[-40,-125],[-40,-94],[-66,-107],[-44,-44],[-75,-35],[-61,7],[-75,53],[-67,78],[-62,26],[-43,-11],[-48,-41],[-58,-96],[-41,-120],[-21,-85],[-57,-113],[-71,-115],[-55,-73],[-74,-79],[-115,-81],[-77,-29],[-66,-8],[-86,11],[-81,34],[-59,38],[-41,-53],[-49,-2],[-38,45],[-25,59],[-26,117],[-9,190],[11,124],[25,112],[437,1291],[44,199],[55,203],[85,249],[93,208],[52,95],[108,152],[27,153],[25,231],[9,198],[-4,227],[-38,128],[-55,124],[-43,67],[-62,61],[-36,17],[-154,28],[-88,39],[-81,52],[-115,104],[-100,121],[-45,63],[-32,149],[-15,120],[-9,132],[0,117],[13,191],[24,148],[71,194],[99,325],[64,250],[77,365],[57,333],[31,228],[46,166],[26,177],[9,194],[-5,135],[-22,187],[-27,121],[-54,145],[-19,73],[-15,117],[-2,111],[14,137],[23,92],[56,156],[39,178],[26,238],[52,237],[43,159],[65,198],[49,121],[35,36],[65,106],[39,98],[38,131],[30,165],[15,125],[10,201],[-8,292],[-13,241],[-14,167],[-31,284],[-29,197],[-60,322],[-58,240],[-68,23],[-47,54],[-54,117],[-27,98],[-26,161],[-22,180],[-48,191],[-52,132],[-83,127],[-66,50],[-42,12],[-92,-22],[-16,255],[-3,287],[6,181],[26,311],[25,183],[16,227],[4,122],[-3,299],[-11,178],[-16,156],[-24,164],[-55,270],[-44,152],[-77,123],[-80,148],[-81,176],[-79,203],[-78,228],[-47,158],[-66,276],[-39,211],[-42,307],[-18,190],[-17,300],[-4,174],[7,361],[24,339],[26,215],[24,160],[37,197],[62,257],[116,427],[122,471],[118,475],[115,479],[110,482],[46,268],[98,488],[57,251],[62,245],[63,231],[97,322],[50,153],[108,300],[103,259],[53,86],[75,82],[52,34],[60,18],[80,-9],[69,-39],[105,-124],[9,-120],[44,-157],[42,-58],[46,-20]],[[71626,94712],[20,-302],[18,-111],[26,-216],[16,-282],[-2,-316],[-12,-186],[-17,-164],[-37,-29],[-50,-8],[-61,36],[-67,113],[-32,110],[-22,139],[-6,207],[-11,100],[-20,75],[-37,71],[-28,25],[-100,15],[-57,91],[-25,87],[-13,102],[6,179],[26,132],[22,57],[46,59],[34,12],[38,91],[42,157],[24,147],[10,147],[9,457],[20,128],[53,135],[60,57],[61,-6],[72,-94],[7,-220],[-12,-195],[-8,-225],[-1,-312],[8,-263]],[[71546,83348],[-68,-38],[-117,-35],[-130,8],[-105,33],[-128,18],[-149,-11],[-92,-25],[-128,-59],[-101,-65],[-76,-24],[-50,1],[-81,28],[-91,77],[-74,101],[-81,161],[-58,163],[-29,98],[-47,216],[-42,295],[-24,139]],[[69875,84429],[43,120],[39,298],[29,162],[47,211],[46,163],[63,182],[45,107],[85,163],[72,106],[112,92],[124,78],[95,42],[86,25],[132,16],[125,-11],[104,-27],[121,-54],[103,-100],[76,-124],[44,-98],[41,-114],[68,-223],[49,-89],[68,-58],[26,-79],[22,-137],[3,-70],[-11,-178],[-24,-108],[-35,-99],[-43,-167],[-26,-151],[-20,-204],[-4,-247],[7,-256],[-16,-148],[-25,-104]],[[71546,83348],[-29,-74],[-56,-67],[-57,-462],[-30,-122],[-35,-186],[-28,-210],[-16,-198],[-8,-271],[5,-217],[14,-214],[36,-281],[39,-199],[47,-396],[25,-286],[21,-307],[12,-341],[20,-180],[18,-85],[33,-102],[31,-60],[2,-199],[-14,-346],[-3,-188],[8,-198],[19,-191],[31,-214],[9,-141],[-5,-227],[-10,-96],[-41,-207],[-44,-122],[-73,-105],[-50,-27],[-45,3],[-51,36],[-44,61],[-176,49],[-158,23],[-102,3],[-142,-10],[-129,-24],[-192,-62],[-156,-74],[-131,-78],[-94,-104],[-65,-51],[-95,-46],[-64,-13],[-69,3],[-69,19],[-70,37],[-84,69],[-94,113],[-53,81],[-72,134],[-59,16],[-33,29],[-46,69],[-32,75],[-31,104],[-30,163],[-11,122],[-3,214],[14,173],[-10,94],[9,158],[29,98],[23,35],[39,12],[25,-20],[62,77],[37,75],[42,121],[26,109],[22,128],[17,189],[3,209],[-18,249],[2,180],[31,176],[47,111],[40,42],[48,1],[39,24],[46,58],[56,129],[34,145],[16,116],[9,165],[-11,219],[-29,201],[-23,125],[-30,111],[-54,134],[-38,63],[-60,59],[-86,20],[-55,-26],[-41,20],[-45,53],[-54,127],[-36,175],[-10,96],[-2,156],[19,206],[31,131],[138,462],[18,126],[2,115],[-18,147],[-32,99],[-58,72],[-38,1],[-30,24],[-34,69],[-27,165],[3,125],[27,128],[49,78],[22,86],[46,108],[43,55],[73,27],[65,-41],[65,-91],[67,-58],[50,-20],[54,0],[87,49],[63,76],[59,113]],[[71214,33182],[-98,47],[-63,15],[-85,1],[-49,-10],[-82,-32],[-67,-10],[-102,27],[-98,76],[-66,79],[-82,135],[-77,170],[-57,153],[-71,240],[-48,199],[-61,316],[-37,240],[-23,186],[-34,341],[-15,227],[-16,358],[-3,220],[1,277],[4,191],[14,343],[2,155],[-6,227],[-10,150],[-23,229],[-24,155],[-45,210],[-31,106],[-48,91],[-28,87],[-35,176],[-15,136],[-9,201],[2,150],[-29,238],[-19,233],[-11,212],[-5,232],[1,159],[8,225],[9,155],[20,225],[21,175],[45,268],[49,214],[57,590],[48,542],[55,686],[40,566],[36,568],[32,570],[24,518],[13,286],[21,572],[16,573],[12,572],[12,361],[4,226],[1,299],[-3,271]],[[70186,48580],[253,-62],[130,-25],[130,-21],[222,-26],[162,-11],[59,-41],[70,-104],[43,-101],[51,-174],[26,-122],[28,-193],[23,-277],[-16,-249],[-15,-333],[-8,-254],[-5,-284],[1,-413],[6,-321],[8,-210],[25,-578],[9,-372],[4,-333],[-2,-375],[-11,-475],[-13,-322],[-22,-399],[-35,-463],[-26,-276],[-23,-280],[-21,-295],[-13,-226],[-14,-301],[-13,-366],[-8,-443],[-1,-349],[3,-275],[7,-328],[12,-348],[10,-210],[41,-723],[13,-279],[12,-384],[8,-363],[2,-239],[0,-399],[-4,-297],[-30,-485],[-15,-299],[-12,-302],[-12,-389],[-10,-562],[-1,-442]],[[87288,56475],[-33,-690],[-52,-894],[0,-419],[172,-240],[34,-300],[0,-301],[-120,-482],[-189,-605],[-69,-485],[-154,-486],[-86,-305],[-104,-2077]],[[86687,49191],[-16,52],[-7,231],[-18,256],[-23,205],[-33,217],[-40,195],[-51,189],[-44,125],[-83,174],[-44,66],[-80,202],[-62,146],[-134,284]],[[86052,51533],[-16,890],[-155,182],[-137,846],[-69,541],[-103,480],[-86,359],[0,716],[-103,475],[-85,356],[-52,296],[17,177],[292,59],[206,354],[155,0],[137,-236],[154,-236],[224,0],[154,236],[172,-59],[257,-295],[155,-178],[120,0],[-1,-21]],[[87929,46472],[29,-1031],[69,-442],[0,-505],[69,-761],[34,-254]],[[88130,43479],[-292,-446],[-68,-319],[-69,-256],[-180,-483]],[[87521,41975],[-9,227],[-23,288],[-28,211],[-21,121],[-31,138],[-61,203],[-67,186],[-44,208],[-26,220],[-11,189],[0,183],[5,123],[13,161],[22,160],[25,126],[24,91],[-54,93],[-56,172]],[[87179,45075],[299,994],[171,439],[172,0],[108,-36]],[[89398,47611],[104,-778]],[[89502,46833],[-136,-701],[-34,-377],[-31,-371]],[[89301,45384],[-244,-69],[-51,-442],[-155,-379],[-309,-127],[-412,-888]],[[87929,46472],[81,-26],[240,750],[241,560],[188,62],[121,-248],[206,311],[206,62],[154,-249],[32,-83]],[[89769,43333],[-43,-66],[-51,-43],[-39,11],[-60,-8],[-63,-39],[-51,-58],[-79,-140],[-34,-85],[-40,-229],[-40,-309],[-18,-191],[-20,-310],[-9,-259],[0,-319],[7,-241],[77,-366],[66,-372],[46,-295],[6,-168],[14,-211],[16,-159],[25,-191],[43,-235],[50,-205],[97,-270],[76,-228],[66,-207],[91,-303],[48,-171],[86,-321],[115,-465],[73,-325],[37,-115],[17,-98],[11,-107],[5,-135],[-5,-150],[-23,-179],[-20,-80],[-43,-97],[-57,-30],[-35,26],[-82,168],[-61,107],[-100,129],[-49,44],[-68,39],[-59,17],[-46,33],[-39,-4],[-31,-25],[-36,-55],[-36,-91],[-26,-100],[-23,-128],[-20,-225],[1,-142],[-7,-190],[-27,-247],[-37,-174],[-43,-126],[-25,-49],[-35,-38],[-46,-100],[-22,-75],[-26,-128],[-20,-173],[-7,-118],[2,-235],[11,-150],[20,-176],[3,-209],[-16,-178],[-35,-153],[-57,-73],[-40,-36],[-53,-30],[-59,-11],[-51,9],[-77,50],[-63,73],[-78,135],[-48,115],[-71,221],[-73,282],[-55,238],[-35,167],[-41,224],[-45,286],[-28,195],[-34,288],[-27,263],[-30,379],[-20,335],[-11,277],[-14,523],[-15,407],[-28,584],[-16,289],[-29,424],[-35,458],[-32,359],[-42,433],[-42,375],[-51,418],[-56,423],[-66,117],[-33,81],[-44,139],[-52,242],[-19,118],[-24,210],[-11,150]],[[89301,45384],[-21,-258],[52,-506],[309,-633],[128,-654]],[[89502,46833],[19,-137],[171,-376],[361,-62],[292,375],[120,188],[497,187],[344,250],[360,0],[223,187],[69,373],[343,217]],[[92301,48035],[67,-122],[39,-115],[28,-111],[33,-203],[13,-137],[9,-213],[2,-282],[5,-112],[16,-170],[16,-113],[25,-134],[35,-131],[35,-95],[37,-71],[42,-55],[53,-33],[69,10],[37,-9],[48,-87],[28,-130],[10,-111],[0,-153],[-17,-152],[-12,-54],[-16,-178],[-16,-112],[-30,-138],[-34,-107],[-28,-62],[-54,-74],[-33,-21],[-47,-1],[-49,37],[-53,88],[-49,48],[-72,45],[-89,19],[-74,-15],[-61,-35],[-70,-64],[-50,-63],[-66,-109],[-73,-157],[-37,-98],[-46,-141],[-69,-128],[-47,-67],[-66,-71],[-68,-47],[-90,-22],[-54,7],[-78,39],[-54,47],[-96,127],[-48,87],[-68,155],[-57,189],[-60,150],[-76,138],[-52,68],[-62,54],[-73,31],[-51,1],[-66,-23],[-52,-39],[-81,92],[-53,37],[-93,23],[-60,-14],[-93,-64],[-54,-64],[-41,-61],[-56,-108],[-77,-198],[-44,-149],[-3,-125],[-9,-169],[-26,-232],[-35,-182],[-37,-135],[-54,-128]],[[87179,45075],[-29,149],[-16,121],[-14,169],[-4,110],[1,184],[12,186],[20,161],[25,131],[46,160],[22,103],[18,124],[18,207],[3,246],[-6,142],[-23,212],[-42,208],[-23,76],[-53,117],[-107,285],[-77,215],[-124,366],[-139,444]],[[87288,56475],[293,258],[49,-10]],[[87630,56723],[1101,-227],[86,-890],[120,-298],[103,-597],[103,-539],[9,-626]],[[89152,53546],[25,-1791],[103,-548],[189,-428],[-69,-1845],[86,-1551],[-88,228]],[[89152,53546],[180,-95],[223,-423],[343,-423],[275,0],[412,-121],[446,242],[429,242],[292,422],[343,301],[206,241],[309,120],[218,667]],[[92828,54719],[-16,-145],[-14,-193],[-7,-292],[3,-179],[10,-200],[5,-206],[-7,-308],[-17,-225],[-18,-160],[-36,-228],[-32,-146],[-37,-135],[-65,-175],[-57,-174],[-57,-205],[-62,-257],[-70,-360],[-43,-266],[-47,-373],[-32,-327],[-13,-183],[-43,-189],[-25,-160],[-19,-192],[-11,-210],[-1,-153],[6,-182],[11,-160],[28,-224],[30,-155],[24,-98],[37,-115],[48,-109]],[[94205,60704],[2,-187],[-7,-154],[-10,-121],[-68,-152],[-57,-148],[-62,-190],[-37,-133],[-58,-234],[-60,-299]],[[93848,59086],[-259,518],[-69,464],[-17,636],[-120,806],[-172,687],[-103,1025],[-103,170],[-68,566],[68,283],[64,730]],[[93069,64971],[51,-139],[40,-85],[52,-46],[103,-119],[68,-104],[102,-193],[87,-214],[57,-404],[55,-353],[77,-444],[64,-338],[92,-444],[65,-291],[76,-313],[115,-434],[25,-213],[7,-133]],[[93848,59086],[-29,-172],[-41,-300],[-37,-109],[-71,-262],[-35,-164],[-46,-274],[-27,-214],[-17,-170],[-19,-291],[-6,-161],[-24,-292],[-30,-225],[-31,-175],[-53,-224],[-43,-141],[-36,-97],[-67,-139],[-68,-99],[-44,-46],[-67,-44],[-64,-113],[-52,-130],[-34,-110],[-39,-169],[-40,-246]],[[87630,56723],[-52,1540]],[[87578,58263],[54,0],[258,175],[103,176],[103,408],[51,350],[52,522],[137,810],[34,576],[155,745],[103,628],[189,739],[189,1018],[94,1330]],[[89100,65740],[86,11]],[[89186,65751],[26,5],[189,-28],[163,-34],[189,-51],[124,-39],[247,-94],[149,-67],[168,-84],[136,-75],[231,-144],[52,-55],[98,-73],[120,-40],[88,4],[69,24],[75,46],[49,42],[93,107],[70,106],[97,193],[92,239],[58,190],[96,102],[72,59],[90,53],[116,38],[127,1],[65,-16],[129,-64],[103,-82],[75,-81],[104,-140],[93,-157],[95,-196],[54,-132],[34,-165],[47,-172]],[[84914,60496],[24,-124],[9,-98],[1,-138],[-18,-167],[-31,-115],[-25,-52],[-98,-154],[-151,-271],[-114,-231],[-84,-189],[-110,-270],[-117,-319],[-88,-268],[-73,-239],[-80,-282],[-49,-186]],[[83910,57393],[-31,85],[-39,158],[-34,228],[-17,250],[-24,96],[-43,111],[-35,56],[-46,40],[-37,7],[-60,-35],[-54,-84],[-47,-139],[-92,-147],[-69,-163],[-36,-106],[-46,-172],[-47,-227],[-20,-121],[-29,-236],[-16,-185],[-13,-259],[-2,-307],[9,-251],[-10,-304],[0,-215],[5,-176],[13,-229],[16,-180],[29,-242],[47,-275],[38,-172],[72,-250],[100,-418],[97,-430],[96,-453],[70,-351],[95,-502],[69,-395],[40,-428],[41,-379],[38,-320],[44,-325],[37,-247],[54,-334],[54,-306],[69,-355],[36,-154],[65,-232],[86,-242],[69,-156],[56,-103],[84,-125],[71,-77],[78,-58],[101,-37],[82,1],[140,56],[30,-4],[45,-32],[31,-41],[46,-100],[26,-80],[35,-163],[19,-140],[17,-278],[20,-285],[22,-195],[23,-166],[34,-185],[35,-159],[66,-227],[48,-126],[35,-76],[53,-93],[68,-85],[118,-188],[153,-281],[149,-313],[135,-323],[110,-294],[73,-212],[29,-214],[7,-157],[-1,-105],[-11,-174],[-15,-112],[-26,-123],[-21,-67],[-38,-81],[-50,-50],[-54,5],[-54,69],[-36,94],[-31,133],[-287,671],[-58,9],[-82,-45],[-51,-67],[-68,-145],[-28,-85],[-37,-140],[-21,-108],[-36,-250],[-18,-213],[-8,-301],[3,-139],[9,-188],[17,-185],[20,-150],[23,-125],[39,-169],[40,-122],[65,-152],[44,-148],[39,-219],[20,-205],[6,-127],[1,-198],[-11,-222],[-17,-153],[-33,-186],[-38,-141],[-33,-30],[-58,-102],[-42,-133],[-33,-162],[-26,-244],[-9,-216],[-13,-238],[-27,-305],[-58,-111],[-63,-165],[-43,-145],[-45,-194],[-27,-150],[-30,-206],[-20,-180],[-20,-92],[-30,-92],[-52,-79],[-30,-13],[-46,21],[-56,104],[-36,149],[-13,83],[-12,140],[-2,188],[11,167],[-10,152],[-5,257],[2,127],[11,203],[26,257],[33,194],[49,199],[59,159],[28,256],[15,161],[22,345],[9,252],[4,360],[-8,366],[-12,228],[-13,191],[-47,99],[-31,86],[-40,142],[-21,95],[-40,236],[-19,177],[-11,134],[-9,227],[2,244],[6,136],[-100,199],[-80,176],[-122,297],[-31,253],[-48,283],[-58,251],[-45,156],[-81,218],[-71,139],[-82,112],[-35,36],[-42,250],[-56,267],[-45,173],[-37,120],[-68,187],[-83,175],[-61,99],[-80,-6],[-61,22],[-91,76],[-79,114],[-56,113],[-39,95],[-46,136],[-52,239],[-79,332],[-59,231],[-55,198],[-90,305],[-95,289],[-64,178],[-70,185],[-95,228],[-48,109],[-63,91],[-93,172],[-75,176],[-68,191],[-75,259],[-42,171],[-63,314],[-36,213],[-29,208],[-22,181],[-24,254],[-14,175],[-14,234],[-30,332],[-35,323],[-52,402],[-55,354],[-54,299],[-36,181],[-54,242],[-49,204],[-87,317],[-97,147],[-165,230],[-136,173],[-114,134],[-36,27],[-65,0],[-48,-39],[-32,-48],[-40,-88],[-34,-112],[-32,-159],[-14,-116],[-15,-254],[-56,-146],[-85,-176],[-98,-148],[-85,-91],[-84,-56],[-110,-27],[-64,8],[-49,18]],[[80041,53331],[1,229],[-7,132],[-1,317],[-15,330],[-22,248],[-20,165],[-34,222],[-60,341],[-58,409],[-35,305],[-26,281],[-18,227],[-15,263],[-12,282],[-5,208],[-3,259],[2,325],[12,413],[0,384],[-8,266],[-8,162],[-24,317],[-27,251],[-36,265]],[[79622,59932],[107,6],[89,-15],[56,-19],[36,-165],[28,-84],[53,-102],[35,-39],[69,-52],[64,-21],[47,10],[64,50],[46,66],[36,70],[45,121],[49,197],[11,123],[26,176],[33,140],[50,137],[50,85],[79,66],[67,2],[40,-34],[33,-49],[41,-98],[24,-85],[23,-120],[22,-215],[16,-109],[35,-121],[37,-62],[30,-20],[32,5],[42,47],[48,143],[26,161],[43,190],[41,116],[60,111],[69,62],[61,9],[116,-24]],[[81601,60591],[143,-12],[101,4],[112,16],[158,44],[85,33],[119,59],[76,45],[114,79],[76,59],[222,57],[179,28],[184,14],[134,0],[139,-9],[212,-30],[167,-39],[105,-32],[239,-90],[106,15],[107,-3],[133,-29],[106,-42],[75,-42],[107,-75],[89,-77],[25,-68]],[[81278,45238],[23,-147],[30,-235],[19,-189],[21,-296],[10,-212],[5,-371],[-4,-222],[-17,-368],[5,-513],[-1,-389],[-5,-365],[-8,-376],[-8,-239],[-16,-400],[-12,-249],[-55,-74],[-51,-107],[-57,-172],[-31,-128],[-36,-208],[-42,-177],[-30,-81],[-42,-78],[-45,-45],[-53,-11],[-44,25],[-30,36],[-43,82],[-40,121],[-19,80],[-36,88],[-33,113],[-32,165],[-24,214],[-11,272],[5,188],[24,252],[20,117],[27,119],[36,204],[26,179],[22,180],[19,204],[21,306],[8,214],[4,183],[-1,248],[-9,285],[-10,179],[-20,256],[-21,194],[-180,667],[-16,88],[-8,111],[4,128],[19,121],[19,58],[39,51],[32,-8],[31,-51],[32,-20],[44,9],[49,57],[52,142],[49,224],[38,109],[58,94],[50,30],[64,-21],[48,-64],[34,-78],[25,-80],[27,-120],[51,-299]],[[83942,36972],[121,5],[162,20],[111,24],[161,50],[25,-24],[32,-63],[22,-74],[20,-121],[12,-170],[-6,-180],[-15,-118],[-17,-471],[-14,-489],[-11,-568],[-5,-648],[2,-558],[-6,-163],[-12,-112],[-17,-103],[-33,-123],[-52,-93],[-34,-21],[-28,5],[-33,30],[-31,58],[-37,119],[-18,94],[-22,197],[-22,148],[-41,194],[-45,149],[-47,104],[-49,73],[-30,29],[-59,-22],[-62,13],[-40,29],[-49,57],[-36,61],[-62,145],[-53,183],[-77,348],[-45,182],[-61,219],[-94,294],[-68,184],[-108,250],[-44,90],[-76,462],[27,213],[43,159],[51,89],[120,11],[87,-14],[132,-55],[83,-57],[156,-28],[192,-13]],[[86052,51533],[-60,115],[-94,168],[-66,-10],[-44,7],[-90,45],[-73,69],[-55,75],[-78,141],[-52,123],[-62,180],[-50,182],[-48,219],[-85,268],[-111,390],[-101,403],[-69,305],[-92,457],[-63,347],[-52,327],[-45,303],[-64,499],[-28,186],[-29,158],[-41,190],[-40,159],[-52,173],[-72,193],[-205,81],[-221,107]],[[84914,60496],[201,169],[105,49],[62,46],[75,72],[64,77],[87,131],[61,111],[75,161],[89,232],[55,168],[39,136]],[[85827,61848],[209,-511],[137,-460],[172,-751],[309,-406],[103,-406],[189,-642],[206,-409],[206,0],[220,0]],[[89114,69012],[69,-1306],[-88,-1133],[91,-822]],[[89100,65740],[-95,-1],[-109,11],[-155,43],[-101,43],[-154,91],[-76,56],[-148,131],[-132,143],[-97,-28],[-155,-23],[-94,-2],[-126,12],[-109,24],[-154,57],[-82,41]],[[87313,66338],[1,194],[-2,270],[-10,331],[-16,281],[-30,380],[-45,310],[-24,275],[-9,236],[-1,168],[11,317],[14,181],[19,167],[111,583]],[[87332,70031],[117,-117],[92,-79],[46,-71],[48,-128],[29,-126],[18,-116],[14,-194],[43,-97],[35,-52],[48,-44],[34,-13],[61,11],[37,28],[53,75],[25,52],[170,36],[111,11],[111,2],[187,-17],[106,-22],[161,-49],[97,-40],[139,-69]],[[89455,84015],[-4,0],[-6,-2],[-16,-5],[-114,-53],[-157,-51],[-162,-29],[-147,-4],[-122,12],[-79,16],[-125,37],[-79,31],[-116,57],[-144,89],[-139,107],[-27,-7],[-16,-1],[-4,0],[-3,1],[-3,0],[-4,0],[-3,1],[-5,1],[-5,1],[-6,1],[-4,2],[-5,1],[-4,2],[-3,1],[-5,2],[-5,3],[-4,2],[-4,2],[-4,3],[-5,3],[-3,3],[-3,1],[-4,4],[-5,4],[-3,2],[-3,3],[-5,5],[-3,3],[-5,4],[-3,4],[-6,6],[-4,5],[-3,4],[-2,2],[-3,3],[-2,3],[-2,3],[-2,2],[-2,3],[-3,5],[-4,4],[-2,3],[-2,3],[-3,5],[-4,6],[-7,12],[-9,14],[-1,4],[-15,28],[-19,42],[-9,22],[-7,18],[-6,16],[-5,17],[-6,17]],[[87761,84518],[5,46],[8,79],[10,131],[8,214],[-1,268],[-10,117],[-3,173],[6,128],[25,207],[47,193],[56,135],[49,76],[82,70],[66,81],[34,63],[49,117],[30,99],[101,410],[58,320]],[[88381,87445],[78,-59],[79,-84],[105,-154],[91,-180],[70,-176],[70,-227],[65,-145],[56,-95],[78,-98],[77,-62],[104,-38],[69,3],[62,-90],[30,-88],[26,-159],[4,-78],[-5,-158],[-23,-133],[-22,-199],[-9,-286],[6,-148],[19,-195],[44,-581]],[[89114,69012],[-2,45],[64,30],[92,95],[62,105],[43,101],[39,112],[38,140],[31,146],[31,201],[23,236],[30,197],[53,286],[49,218],[89,326],[82,240],[86,211],[56,116],[65,115],[32,146],[33,177],[39,256],[24,217],[21,273],[11,249],[2,199],[-4,279],[-52,259],[-35,217],[-41,354],[-17,223],[-13,292],[-25,155],[-11,169],[1,123],[13,170],[20,127]],[[90043,75817],[28,107],[44,110],[41,61],[43,35],[39,10],[195,162],[254,182],[151,93],[230,123],[113,39],[89,12],[141,-14],[118,-42],[82,-48],[90,-69],[108,-108],[137,-178],[123,-208],[102,-210],[137,-87],[152,-88],[175,-86],[234,-93],[154,-47],[161,-38],[192,-29],[166,-12],[53,-109],[59,-102],[78,-105],[66,-68],[84,-61],[50,-23],[75,-16],[63,3],[23,-39],[50,-41],[31,-3],[49,30],[39,60],[35,97],[23,106],[19,200],[-6,178],[24,258],[29,271],[49,382],[39,258],[33,144],[60,203],[91,210],[72,114],[48,56],[65,52],[81,33],[47,3]],[[94971,77485],[83,-24],[107,-17],[139,-2],[165,30],[141,51],[168,96],[62,12],[100,2],[135,-31],[97,-46],[136,-102],[138,-151],[61,-213],[56,-275],[36,-270],[19,-226],[7,-143],[3,-214],[-6,-248],[15,-275],[19,-170],[25,-159],[36,-169],[69,-225],[42,-99],[57,-103],[41,-56],[58,-56],[42,-27],[69,-154],[75,-227],[40,-159],[53,-284],[22,-157],[19,-191],[15,-218],[6,-288],[23,-263],[24,-147],[38,-154],[67,-170],[43,-68],[68,-64],[61,-17],[45,10],[65,51],[41,57],[195,13],[179,-17],[152,-37],[128,-47],[154,-77],[44,-223],[71,-301],[63,-214],[40,-120],[68,-177],[61,-136],[85,-159],[80,-119],[58,-72],[74,-75],[77,-59],[76,-25],[45,-29],[66,-62],[46,-56],[62,-99],[46,-90],[79,-201],[44,-143],[46,-185],[47,-128],[29,-148],[14,-150],[-1,-203],[-18,-174],[-19,-94],[-57,-217],[-30,-163],[-27,-216],[-14,-202],[-4,-171],[3,-207],[6,-122],[-7,-143],[-8,-303],[1,-194],[7,-231],[17,-287],[17,-188],[32,-262],[55,-328],[55,-249],[42,-157],[21,-144],[3,-178],[-10,-111],[-19,-102],[-21,-69],[-36,-66],[-26,-22],[-131,-36],[-102,-16],[-112,-7],[-125,7],[-101,16],[-132,36],[-33,69],[-53,71],[-35,26],[-63,8],[-64,-39],[-45,-62],[-42,-87],[-47,-152],[-32,-164],[-25,-250],[6,-136],[2,-193],[-8,-183],[-13,-157],[-20,-151],[-44,-221],[-34,-119],[-47,-122],[-119,-43],[-123,-71],[-93,-72],[-147,-148],[-87,-108],[-135,-200],[-128,-230],[-81,-169],[-107,-252],[-77,-12],[-80,-36],[-53,-37],[-108,-112],[-88,-131],[-56,-103],[-76,-171],[-57,-155],[-53,-170],[-57,-221],[-68,-330],[-31,-194],[-38,-295],[-25,-261],[-12,-151],[-27,-117],[-22,-146],[-11,-148],[-1,-213],[13,-175],[22,-146],[22,-95],[38,-111],[30,-59],[47,-55],[55,-18],[45,21],[69,75],[60,49],[74,40],[99,18],[89,-16],[111,-60],[50,-91],[24,-94],[20,-162],[1,-157],[-21,-181],[-18,-72],[-30,-75],[-101,-104],[-81,-53],[-90,-27],[-80,2],[-78,-23],[-75,-40],[-112,-92],[-62,-69],[-85,-118],[-84,-144],[-58,-118],[-74,-174],[-94,-266],[-51,-174],[-26,-143],[-24,-99],[-42,-133],[-57,-120],[-47,-62],[-51,-39],[-39,-9],[-44,9],[-75,65],[-47,77],[-56,141],[-36,132],[-35,187],[-28,266],[-8,216],[0,198],[-9,256],[-10,138],[-32,286],[-33,192],[-33,153],[-51,176],[-43,118],[-52,9],[-50,49],[-57,124],[-33,128],[-18,102],[-19,191],[6,110],[16,147],[28,150],[42,142],[30,69],[54,75],[50,27],[109,7],[107,47],[55,41],[96,101],[103,153],[49,92],[74,165],[42,112],[15,64],[12,108],[-2,160],[-17,115],[-35,96],[-33,35],[-37,-8],[-26,-34],[-121,-7],[-122,2],[-122,10],[-172,28],[-167,44],[-122,42],[-41,-33],[-38,0],[-40,32],[-34,56],[-39,115],[-23,117],[-12,109],[-6,146],[8,178],[14,109],[62,31],[67,92],[60,157],[21,92],[10,172],[-11,120],[-35,121],[-33,41],[-51,14],[-70,0],[-78,-24],[-82,-56],[-53,-52],[-74,-142],[-104,-164],[-75,-95],[-70,-72],[-58,-48],[-93,-56],[-76,-28]],[[90043,75817],[-5,332],[-18,271],[-26,231],[-23,148],[-45,227],[-46,182],[-46,236],[-26,194],[-12,127],[-11,211],[-1,285],[10,221],[25,174],[31,109],[65,111],[67,159],[47,154],[37,160],[22,118],[26,201],[14,176],[6,308],[-7,191],[-53,144],[-39,165],[-25,160],[-13,154],[-3,251],[20,251],[4,292],[-1,273],[-7,341],[-11,271],[-22,368],[-10,82]],[[89967,83095],[105,1],[167,30],[155,59],[110,60],[146,104],[35,187],[65,246],[35,102],[54,126],[113,194],[33,85],[36,153],[16,131],[4,192],[-10,134],[37,312],[35,194],[61,240],[41,122],[56,136],[96,169],[57,72],[76,68],[56,34],[81,115],[40,99],[38,136],[18,97],[22,210],[-2,257],[11,116],[6,243],[-8,176],[-36,260],[-25,112],[-36,114],[-43,309],[-17,205],[-9,282],[3,194]],[[91589,89171],[65,-48],[78,-19],[50,10],[186,1],[149,12],[159,22],[180,38],[227,68],[163,62],[131,59],[162,82]],[[93139,89458],[53,-59],[6,-11],[8,-14],[3,-7],[5,-11],[13,-30],[22,-69],[24,-121],[12,-155],[39,-77],[66,-80],[54,-31],[66,1],[65,35],[53,-7],[35,-34],[36,-71],[37,-150],[8,-92],[51,-129],[69,-118],[59,-61],[102,-40],[363,108],[46,-31],[41,-115],[11,-130],[-17,-141],[-22,-65],[-13,-313],[2,-385],[11,-239],[26,-321],[30,-250],[22,-142],[-30,-242],[-9,-278],[6,-149],[14,-158],[26,-164],[57,-256],[48,-127],[45,-72],[71,-57],[65,-3],[49,-39],[31,-82],[17,-169],[-19,-153],[-18,-239],[-1,-302],[14,-217],[27,-215],[36,-187],[48,-179],[50,-138],[79,-177],[91,-175],[63,-94],[78,-93],[87,-73],[57,-33],[82,-28],[19,-65],[22,-123],[6,-205],[-9,-100],[-19,-100],[-45,-125],[-19,-95],[-14,-148],[4,-253],[-16,-147],[-21,-85],[-45,-88],[-55,-30],[-56,42],[-35,76],[-71,36],[-39,-6],[-47,-30],[-41,-50],[-48,-98],[-54,-189],[-17,-108],[-15,-170],[0,-185],[34,-302],[18,-271],[6,-189],[-2,-277],[-7,-200],[-32,-290],[-17,-278],[-6,-220],[3,-246]],[[92383,93913],[-86,-48],[-98,-24],[-129,15],[-112,58],[-99,89],[-101,134],[-61,104],[-51,105],[-16,112],[-56,239],[-52,142],[-90,158],[-50,55],[-140,55],[-136,34],[-184,13],[-113,-9],[-100,-20],[-128,-41]],[[90581,95084],[2,404],[-1,514],[-24,115],[-53,182],[-47,122],[-69,131],[-73,97],[-51,47],[-93,50],[-47,86],[-56,145],[-43,163],[-28,158],[-16,157],[-7,341],[-15,181],[-38,228],[-43,159],[-8,211],[11,280],[26,206],[58,266],[69,195],[67,130],[65,91],[124,135],[54,45],[91,52],[134,24],[114,-27],[86,-49],[54,-45],[80,-90],[110,-89],[105,-55],[84,-22],[83,-5],[117,22],[145,77],[140,107],[85,35],[94,13],[131,-25],[106,-58],[46,-42],[63,-95],[60,-150],[30,-120],[23,-147],[16,-241],[-4,-133],[-12,-130],[-31,-178],[-25,-91],[-59,-25],[-64,-100],[-27,-92],[-29,-150],[-21,-162],[-11,-137],[-6,-239],[8,-186],[13,-141],[29,-196],[49,-212],[105,-329],[52,-213],[47,-285],[31,-329],[8,-204],[-4,-302],[-20,-276],[-39,-317],[-6,-245],[7,-123],[27,-185],[23,-100]],[[89501,98370],[-68,-17],[-27,-33],[-35,-89],[-28,-154],[-35,-88],[-60,-50],[-42,10],[-49,145],[-10,89],[1,101],[17,112],[21,65],[65,33],[40,60],[38,108],[23,163],[117,-73],[39,-72],[18,-99],[0,-90],[-25,-121]],[[89694,96674],[-46,-77],[-58,-44],[-45,-3],[-68,45],[-47,77],[-70,-16],[-33,-33],[-47,-84],[-43,-158],[-12,-106],[-30,-68],[-45,-32],[-44,23],[-23,42],[-24,85],[2,103],[14,163],[37,194],[45,134],[69,65],[59,138],[28,141],[195,50],[48,-27],[54,-70],[45,-110],[25,-104],[18,-189],[-4,-139]],[[92383,93913],[37,-113],[55,-113],[71,-217],[35,-149],[40,-256],[20,-247],[-7,-262],[0,-359],[11,-388],[25,-415],[28,-369],[26,-213],[32,-158],[34,-122],[58,-148],[43,-81],[92,-112],[88,-48],[33,-63],[45,-127],[28,-120],[28,-221],[2,-240],[-4,7],[-5,10],[-4,7],[-4,6],[-7,11],[-44,45]],[[91589,89171],[-46,56],[-54,90],[-38,88],[-102,192],[-81,126],[-92,121],[-146,144],[-85,61],[-148,68],[-83,-14],[-43,20],[-60,59],[-65,125],[-32,99],[-142,36],[-192,37],[-261,29],[-170,6],[-159,-4],[-204,-19],[-113,-17],[-204,-42],[-51,-63],[-74,-63],[-110,-34],[-91,21],[-54,34],[-24,42],[-5,7],[-2,3],[-1,2],[-6,8],[-4,5],[-1,1],[-2,3],[-53,48],[-49,11]],[[88542,90457],[0,4],[7,315],[14,261],[15,194],[27,253],[40,287],[24,145],[61,216],[25,116],[33,204],[26,276],[7,305],[-9,290],[2,124],[15,202],[15,111],[49,231],[88,143],[52,59],[83,62],[53,20],[73,6],[56,-13],[161,-88],[49,-51],[71,-121],[45,-121],[48,-205],[20,-149],[31,-332],[25,-167],[42,-212],[45,-171],[38,-117],[74,-184],[75,-153],[61,-101],[92,-99],[73,-41],[93,-7],[71,28],[61,47],[82,104],[76,150],[27,153],[17,139],[16,243],[1,192],[-18,273],[-22,165],[-44,274],[-27,280],[-8,181],[-2,195],[10,711]],[[89967,83095],[-3,20],[-5,35],[-5,31],[-4,23],[-12,67],[-11,55],[-4,18],[-4,18],[-4,18],[-5,17],[-6,28],[-6,20],[-3,14],[-4,13],[-4,13],[-4,13],[-2,10],[-5,16],[-10,31],[-7,22],[-8,21],[-6,18],[-4,11],[-4,9],[-4,11],[-3,9],[-5,11],[-46,100],[-8,16],[-30,51],[-25,37],[-9,13],[-3,4],[-2,3],[-5,5],[-5,7],[-4,5],[-3,3],[-4,5],[-5,6],[-6,6],[-6,6],[-4,4],[-4,4],[-4,4],[-6,5],[-4,4],[-4,4],[-3,2],[-6,5],[-6,4],[-6,5],[-5,4],[-8,4],[-5,4],[-6,4],[-6,3],[-3,1],[-6,3],[-4,2],[-9,4],[-7,3],[-5,2],[-4,1],[-5,2],[-6,1],[-7,2],[-10,2],[-8,1],[-7,1],[-8,0],[-7,0],[-6,0],[-9,0],[-9,-1],[-6,-1],[-6,-2]],[[88381,87445],[27,217],[22,283],[9,294],[-5,294],[-19,288],[3,156],[-7,205],[-24,243],[-40,218],[-8,164],[9,190],[23,150],[45,155],[27,61],[70,95],[29,-1]],[[85827,61848],[71,288],[30,141],[-48,449],[-35,404],[-23,314],[-30,527],[-24,274],[-12,200],[-7,191],[-3,296],[4,190],[13,280],[31,366],[28,222],[5,171],[-5,253],[-13,168],[-36,258]],[[85773,66840],[134,23],[215,5],[160,-87],[93,-33],[81,-19],[84,-9],[134,6],[134,31],[159,-164],[133,-114],[81,-60],[132,-81]],[[87332,70031],[-117,133],[-105,135],[-87,124],[-66,204],[-113,310],[-78,184],[-119,244],[-94,165],[-126,186],[-86,105],[-68,74],[-91,82],[-117,83],[-77,41],[-77,-44],[-63,12],[-79,81],[-50,98],[-55,177],[-28,149],[-22,224],[-66,258],[-62,199],[-50,137],[-89,203],[-75,138],[-64,97],[-87,107],[-108,94],[-119,57],[-40,35],[-46,61],[-62,131],[-50,167]],[[84696,74482],[-42,233],[1,199],[-13,363],[-26,309],[-26,204],[-43,249],[-43,191],[7,307],[-2,212],[-11,287],[-28,337],[-24,199],[-29,192],[-22,789],[-27,783],[-31,777],[-35,770],[-40,764],[-44,757]],[[84218,82404],[149,180],[73,58],[47,101],[26,97],[16,101],[12,234],[19,139],[24,112],[54,159],[46,86],[45,53],[52,4],[114,25],[152,71],[103,75],[148,144],[124,158],[64,97],[98,170],[76,153],[67,152],[92,238],[82,247],[74,263],[142,198],[110,119],[90,76],[72,48],[107,51],[94,25],[165,11],[86,-43],[49,-69],[31,-65],[43,-138],[25,-138],[13,-132],[3,-178],[-7,-116],[-22,-210],[0,-166],[17,-192],[41,-194],[49,-126],[46,-80],[81,-91],[63,-29],[47,-2],[67,28],[49,44],[71,107],[40,90],[49,154],[26,115],[53,72],[46,-11],[35,-143],[5,-17],[0,-1]],[[85773,66840],[-25,122],[-50,176],[-56,141],[-75,163],[-62,113],[-76,117],[-69,86],[-93,89],[-83,56],[-75,33],[-114,16],[-106,-19],[-118,-12],[-63,-22],[-100,-58],[-60,-47],[-82,-84],[-114,-155]],[[84352,67555],[-31,218],[-31,345],[-8,158],[-6,237],[-10,94],[-24,123],[-49,135],[-46,58],[-44,16],[-66,-2],[-49,54],[-44,99],[-22,77],[-21,119],[-15,189],[1,137],[-42,289],[-17,167],[-19,284],[-7,207],[3,316],[8,183],[16,217],[16,144],[26,195],[25,144],[33,99],[28,138],[21,224],[-5,238],[13,262],[19,212],[36,257],[34,176],[29,120],[50,170],[46,125],[69,147],[69,108],[58,65],[111,89],[80,95],[45,72],[64,127]],[[81601,60591],[-27,265],[-21,262],[-13,192],[-13,267],[-10,301],[-3,286],[3,351],[7,259],[12,295],[4,190],[0,298],[-12,364]],[[81528,63921],[123,45],[111,23],[101,5],[164,-23],[20,168],[38,101],[24,24],[35,-1],[34,-44],[92,-53],[76,-31],[121,-29],[122,-2],[133,27],[112,48],[119,77],[71,58],[103,103],[67,78],[89,119],[74,114],[90,156],[125,252],[94,222],[49,126],[74,212],[43,276],[37,202],[66,299],[72,272],[50,159],[92,250],[69,157],[57,114],[77,130]],[[77510,49343],[49,-159],[44,-129],[99,-243],[13,-116],[11,-185],[0,-201],[-9,-164],[-15,-142],[-18,-122],[-43,-181],[-36,-102],[-35,-68],[-100,-110],[-165,-209],[-115,-164],[-157,-251],[-71,-126],[-114,-214],[-69,-140],[-103,-222],[-101,-234],[-128,-323],[-110,-479],[-60,-245],[-87,-335],[-120,-429],[-110,-361],[-51,-209],[-58,-280],[-38,-226],[-33,-222],[-30,-252],[-30,-319],[-15,-208],[-12,-241],[-9,-252],[-4,-385],[6,-386],[13,-290],[15,-242],[25,-296],[31,-234],[9,-131],[5,-158],[-8,-253],[-21,-213],[-27,-162],[-46,-170],[-145,-302],[-67,-149],[-94,-226],[-97,-257],[-121,-354],[-62,-200],[-92,-322],[-55,-209],[-90,-368],[-72,-326],[-51,-244],[-65,-346],[-48,-269],[-66,-410],[-31,-223],[-54,-311],[-37,-182],[-37,-161],[-68,-256],[-41,-133],[-56,-160],[-56,-136],[-69,-143],[-40,-69],[-83,-121],[-93,-98],[-69,-48],[-99,-36],[-101,4],[-57,21],[-84,52],[-72,25],[-47,-1],[-56,-22],[-75,-62],[-60,-81],[-38,-66],[-50,-108],[-60,-165],[-43,-149],[-39,-164],[-31,-163],[-34,-213],[-25,-207],[-23,-253],[-14,-232],[-2,-120],[-11,-217],[-12,-126],[-22,-165],[-30,-164],[-54,-195],[-28,-74],[-57,-101],[-63,-58],[-40,-10],[-60,23],[-36,35],[-56,93],[-32,78],[-40,131],[-47,230],[-19,285],[-33,314],[-35,225],[-32,166],[-27,115],[-50,175],[-41,115],[-39,172],[-53,211],[-87,297],[-66,193],[-51,132],[-61,141],[-86,170],[-70,115],[-89,121],[-63,70],[-109,88]],[[70186,48580],[-8,316],[-11,259],[-20,327],[-20,270],[-38,391],[-30,248],[-37,275],[-37,234],[-44,250],[-32,161],[-63,281],[-43,174],[47,18],[54,84],[39,122],[19,102],[18,197],[95,-101],[122,-93],[98,-46],[71,-18],[91,-4],[99,19],[83,35],[80,51],[209,-73],[124,-32],[125,-24],[172,-20],[119,-4],[141,4],[162,17],[108,19],[194,50],[145,51],[145,61],[113,56],[108,7],[174,30],[140,39],[113,41],[163,75],[153,89],[120,81],[120,91],[82,68],[141,130],[86,86],[135,148]],[[74011,53122],[281,-104],[117,-276],[106,-218],[106,-194],[66,-107],[98,-145],[71,-93],[117,-133],[124,-116],[142,-100],[97,-50],[78,-29],[190,-45],[133,-49],[101,-46],[150,-83],[187,-131],[126,-103],[146,-138],[178,-194],[110,-133],[116,-154],[165,-240],[181,-298],[123,-222],[90,-173],[100,-205]],[[78205,42099],[-65,50],[-46,69],[-55,127],[-41,138],[0,275],[25,28],[56,28],[38,-6],[58,-50],[22,-56],[24,-113],[11,-103],[3,-150],[-10,-125],[-20,-112]],[[77525,40689],[-40,18],[-44,69],[-19,50],[-29,134],[-45,144],[-32,69],[-46,65],[-40,31],[-30,442],[44,86],[46,70],[58,65],[24,112],[30,90],[51,74],[50,9],[31,-25],[39,-69],[38,-130],[20,-124],[12,-158],[24,-121],[16,-154],[4,-109],[-9,-228],[-17,-133],[-42,-164],[-56,-96],[-38,-17]],[[76598,39213],[-53,45],[-39,108],[-16,92],[-13,145],[44,278],[15,68],[34,85],[52,37],[33,-24],[29,-54],[19,-95],[15,-160],[0,-133],[-14,-152],[-20,-105],[-33,-88],[-53,-47]],[[79311,76474],[-9,-64],[-20,-257],[-9,-227],[-1,-345],[8,-235],[29,-391],[17,-284],[6,-194],[-2,-361],[-9,-230],[-17,-238],[-17,-176],[-61,-299],[-38,-232],[-44,-342],[-25,-277],[-21,-343],[-6,-214],[-3,-236],[3,-227],[-2,-201],[-8,-190],[-17,-220],[-14,-124]],[[79051,70567],[-20,16],[-39,-23],[-77,2],[-53,37],[-61,83],[-59,138],[-52,197],[-34,233],[-27,127],[-44,136],[-42,85],[-60,71],[-40,22],[-47,3],[-69,80],[-103,134],[-93,135],[-122,202],[-109,207],[-77,160],[-91,207],[-113,290],[-80,228],[-68,209],[-61,203],[-82,302],[-40,158],[-29,105],[-69,170],[-71,100],[-75,46],[-26,4],[-10,0]],[[77008,74634],[79,220],[57,112],[78,110],[68,62],[76,36],[101,24],[85,47],[53,44],[99,115],[74,116],[45,86],[81,188],[70,209],[38,135],[40,167],[30,151],[67,195],[53,101],[44,59],[30,29],[16,12],[3,2]],[[78295,76854],[4,2]],[[78299,76856],[1,1],[5,3],[18,9],[11,5],[4,1],[4,1],[6,2],[5,1],[6,1],[7,1],[7,0],[6,0],[3,0],[5,0],[6,-1],[6,-1],[23,-6],[21,-9],[156,63],[132,38],[108,22],[166,16],[161,-4],[7,3],[2,0],[1,1],[1,0],[1,0],[2,0],[1,0],[1,0],[2,1],[2,0],[2,0],[3,-1],[3,0],[4,-1],[4,-1],[4,-2],[3,-2],[4,-2],[4,-3],[3,-2],[3,-2],[3,-4],[4,-3],[3,-4],[5,-5],[2,-4],[5,-7],[3,-4],[2,-3],[3,-5],[2,-4],[3,-6],[5,-11],[5,-9],[2,-6],[2,-6],[3,-7],[3,-8],[8,-27],[10,-39],[2,-8],[2,-8],[0,-4],[1,-6],[2,-6],[1,-8],[1,-8],[2,-10],[1,-9],[1,-8],[1,-6],[1,-9],[1,-9],[1,-11],[1,-4],[0,-4],[0,-3],[0,-2],[1,-2],[0,-2],[0,-8],[1,-6],[1,-12],[0,-6],[0,-7],[0,-5],[1,-4],[0,-3],[0,-4],[0,-7],[0,-9],[0,-9],[0,-9],[1,-7],[-1,-5],[0,-7],[0,-9],[0,-7],[0,-6],[0,-9],[-1,-9],[0,-12],[-1,-9],[-1,-15],[-1,-16],[-1,-9],[-2,-16]],[[79622,59932],[-33,195],[-67,322],[-63,238],[-32,81],[-39,143],[-31,186],[-12,136],[-6,193],[8,199],[19,178],[21,112],[32,125],[29,78],[56,100],[54,56],[50,88],[59,171],[42,202],[18,136],[14,191],[1,218],[-5,132],[-2,208],[11,226],[16,174],[27,178],[25,119],[73,259]],[[79887,64576],[85,-41],[119,-73],[104,-78],[131,-116],[101,-54],[89,-30],[146,-16],[118,17],[76,26],[88,44],[79,53],[71,59],[29,44],[64,68],[51,28],[56,8],[90,-39],[54,-57],[62,-101],[28,-397]],[[79051,70567],[79,-76],[83,-103],[105,-168],[58,-112],[87,-204],[49,-135],[85,-277],[54,-216],[53,-191],[62,-179],[79,-181],[72,-123],[104,-125],[27,-133],[30,-194],[27,-274],[10,-186],[2,-313],[-16,-310],[-21,-202],[9,-303],[1,-223],[-10,-349],[-12,-207],[-20,-247],[-19,-169],[-26,-201],[-34,-204],[-48,-243],[-34,-143]],[[80041,53331],[-12,-189],[-26,-202],[-26,-130],[-30,-112],[-59,-149],[-51,7],[-37,-30],[-30,-46],[-39,-108],[-35,-188],[-35,-150],[-51,-169],[-73,-173],[-67,-109],[-45,-49],[-78,-50],[-57,-7],[-48,12],[-64,44],[-43,47],[-71,113],[-71,169],[-36,113],[-60,155],[-98,200],[-92,142],[-66,76],[-56,52],[-90,55],[-64,21],[-73,5],[-109,-30],[-99,-68],[-77,-80],[-79,-110],[-102,-188],[-98,-240],[-62,-191],[-39,-137],[-46,-189],[-49,-238],[-46,-294],[-22,-189],[-22,-259],[-15,-345],[-2,-302],[4,-175],[15,-303]],[[74011,53122],[85,323],[47,196],[61,290],[50,260],[41,242],[58,387],[54,426],[45,447],[23,288],[27,433],[16,389],[11,487],[0,315],[-7,457],[-11,311],[-16,318],[-13,203],[-28,347],[-77,741],[-64,556],[-68,548],[-87,661],[-50,315],[-38,195],[-35,154],[-57,217],[-59,190],[-43,118],[-96,223],[-72,132],[-73,110],[-53,64],[-67,67],[-95,65],[-76,30],[-101,10],[-60,-29],[-60,60],[-36,95],[-18,82],[-18,181],[-70,155],[-75,79],[-49,16],[-42,-8],[-43,158],[-19,112],[-12,119],[-6,171],[12,233],[35,209],[33,110],[91,173],[82,136],[130,187],[94,111],[82,82],[99,82],[104,66],[116,52],[88,23],[80,69],[149,143],[161,174],[121,142],[128,165],[88,122],[150,221],[144,231],[76,131],[128,231],[133,259],[104,214],[118,256],[154,364],[133,336],[112,301],[44,177],[32,162],[25,158],[28,250],[18,324],[19,120],[42,165],[34,82],[60,90],[69,35],[72,-28],[65,87],[42,74],[56,128],[35,101],[49,174],[41,202],[39,284],[17,223],[7,241],[-1,149],[-11,221],[-23,144],[-20,252],[1,213],[21,246],[24,142],[30,125],[56,150],[56,-15],[55,5],[98,58],[61,70],[73,107],[63,53],[51,14]],[[81075,46957],[-38,15],[-60,95],[-34,113],[5,251],[-1,185],[-7,177],[-21,298],[-17,161],[-34,237],[-106,543],[34,128],[15,126],[2,214],[-12,151],[-3,106],[9,150],[22,126],[45,110],[78,93],[57,105],[38,89],[48,143],[59,238],[40,64],[49,15],[45,-46],[48,-135],[19,-120],[8,-92],[13,-513],[4,-346],[-2,-466],[-7,-358],[-6,-216],[-35,-160],[-38,-239],[-20,-169],[-16,-206],[-12,-316],[-9,-145],[-27,-173],[-33,-114],[-53,-94],[-47,-25]],[[81472,86120],[-289,-81],[-289,19]],[[80894,86058],[17,134],[3,194],[8,174],[3,223],[-10,354],[-11,161],[-27,253],[-27,186],[-53,269],[-50,198],[-38,124],[-42,8],[-54,49],[-28,47],[-40,103],[-27,126],[-14,157],[-30,236],[-20,303],[-1,205],[13,291],[19,184],[34,237],[22,262],[3,157],[-13,278],[-22,181],[-67,351],[-13,137],[-2,132],[9,158],[18,131],[46,173],[105,219],[24,72],[38,172],[13,117],[3,245],[87,111],[83,54],[66,11],[46,-8],[47,-100],[75,-62],[57,11],[59,66],[32,69],[32,121],[13,92],[5,171],[18,169],[30,182],[39,165],[68,200],[75,148],[38,133],[55,65],[70,-13],[49,-60],[43,-121],[17,-186],[-16,-149],[-13,-361],[4,-264],[13,-315],[-1,-237],[-16,-272],[-31,-269],[-29,-171],[-57,-268],[-17,-224],[6,-135],[14,-114],[39,-157],[33,-79],[42,-64],[94,-26],[98,-42],[56,-138],[32,-152],[12,-109],[3,-126],[-11,-166],[-27,-149],[-27,-86],[-54,-5],[-69,-58],[-31,-52],[-39,-98],[-25,-94],[-19,-117],[-17,-172],[-28,-202],[-52,-248],[-66,-213],[-50,-122],[-44,-87],[-63,-97],[-86,-94],[-60,-42],[-43,-207],[-35,-289],[-12,-249],[2,-222],[23,-304],[37,-241],[41,-178],[60,-145],[33,-107],[44,-189],[37,-252]],[[79267,81604],[28,-408],[9,-281],[1,-411],[-18,-485],[-4,-371],[6,-415],[18,-438],[10,-176],[25,-334],[45,-448],[14,-244],[2,-171],[-4,-210],[-15,-234],[-27,-245],[-46,-259]],[[78299,76856],[-1,0],[-3,-2]],[[78295,76854],[-43,822],[39,534],[34,343],[30,210],[25,138],[40,188],[69,252],[46,137],[55,141],[51,149],[44,153],[57,247],[39,220],[21,150],[21,195],[21,311],[30,229],[49,170],[38,81],[45,63],[74,42],[63,-15],[31,-24],[93,14]],[[81472,86120],[9,-108],[8,-269],[58,-31],[44,-58],[60,-155],[33,-181],[10,-221],[49,-13],[58,-40],[40,-46],[83,-153],[18,-157],[44,-129],[39,-44],[56,-2],[46,32],[67,3],[72,-60],[70,-151],[21,-78],[28,-174],[45,-137],[59,-119],[51,-67],[89,-57],[82,8],[52,34],[56,66],[44,79],[56,145],[53,229],[27,254],[48,133],[51,94],[40,50],[60,44],[73,10],[46,-18],[92,-97],[26,-182],[51,-192],[58,-128],[57,-77],[-8,-111],[2,-130],[29,-185],[31,-93],[35,-63],[55,2],[33,-20],[52,-70],[37,-87],[38,-169],[15,-167],[49,-10],[45,-30],[52,-62],[32,-57],[43,-105],[33,-114],[29,-156],[15,-126]],[[79267,81604],[115,58],[104,96],[75,98],[91,154],[62,135],[77,207],[43,141],[43,167],[68,-27],[101,-15],[95,15],[76,32],[112,81],[78,82],[64,85],[109,187],[52,110],[30,313],[8,200],[-2,250],[-10,184],[40,195],[27,159],[30,221],[27,311],[10,206],[2,255],[-8,275],[67,124],[41,155]]],"transform":{"scale":[0.0016510182037785856,0.0003399070280614431],"translate":[-124.74490448566699,25.764166667098582]}}